round,client,slot_std
50,0,0.08008303113019637
50,1,0.12771769650287307
50,2,0.09053633248591418
50,3,0.01869175954799333
50,4,0.08316588843991267
100,0,0.04108399931846947
100,1,0.07241888565836951
100,2,0.05942369056192992
100,3,0.13699067486511626
100,4,0.02491519365768607
150,0,0.12332946474788578
150,1,0.05523551280652693
150,2,0.06284263580563756
150,3,0.06024447588783555
150,4,0.13819284532854803
200,0,0.048311870953213966
200,1,0.1206504532730814
200,2,0.09431938758813056
200,3,0.07382565187656659
200,4,0.07778574740914947
250,0,0.02229992993262535
250,1,0.050972805249466124
250,2,0.1035862563277581
250,3,0.06356199729398061
250,4,0.043041869150862874
300,0,0.02624738082171249
300,1,0.1145702268261698
300,2,0.08249282923381887
300,3,0.08226931384179645
300,4,0.03647981462398075
350,0,0.029041608082198214
350,1,0.055253161674242685
350,2,0.015685403246330647
350,3,0.027409247983116933
350,4,0.0590349261031129
400,0,0.06511610303911007
400,1,0.06689937873403608
400,2,0.14685231526945702
400,3,0.05307081943026694
400,4,0.029274733132857077
450,0,0.08977305762309759
450,1,0.05678949616786541
450,2,0.09175679811327335
450,3,0.09639631735704432
450,4,0.05461213235170368
500,0,0.037500024999991666
500,1,0.043983143077774685
500,2,0.08281402357089045
500,3,0.026872139382639406
500,4,0.06361228261900372
550,0,0.011365847966605924
550,1,0.018984467335166403
550,2,0.09551655288482724
550,3,0.05347136500034386
550,4,0.024959266816154662
600,0,0.035006169099174506
600,1,0.05700501622664447
600,2,0.08415806556712198
600,3,0.04438296407406788
600,4,0.060234847679727734
650,0,0.008035040447938017
650,1,0.1017693071362874
650,2,0.09150020150251037
650,3,0.032774189539941316
650,4,0.047020600538487396
700,0,0.03411945009814785
700,1,0.03466348042248498
700,2,0.03755671544477764
700,3,0.027263471440739172
700,4,0.003898316944528755
750,0,0.08066978988444187
750,1,0.021516897429694634
750,2,0.02834550228872299
750,3,0.09442982844419447
750,4,0.02916542259251526
800,0,0.014235760429285125
800,1,0.06390612255488515
800,2,0.034075614447871654
800,3,0.01836183201644106
800,4,0.1839046220191325
850,0,0.026875360462698908
850,1,0.058271433824816775
850,2,0.023734929429008216
850,3,0.07859858061695515
850,4,0.011079711187571627
900,0,0.05566924644720816
900,1,0.024724216367763806
900,2,0.07685892921450312
900,3,0.07788454195153233
900,4,0.0419853769186368
950,0,0.007880474287757063
950,1,0.022616296668552954
950,2,0.0030581857366746047
950,3,0.015341997099465233
950,4,0.01390368656148433
1000,0,0.12608208387792455
1000,1,0.03936051320803631
1000,2,0.043580069986176015
1000,3,0.049017413997476444
1000,4,0.0699721551761842
1050,0,0.05787820725454442
1050,1,0.0832884558327263
1050,2,0.003781781987370504
1050,3,0.06496658275606006
1050,4,0.06399618640981664
1100,0,0.016566079801811885
1100,1,0.061752348133492056
1100,2,0.02973906311570693
1100,3,0.033817996318528394
1100,4,0.009669281255605303
1150,0,0.05838404640824409
1150,1,0.05407478617618383
1150,2,0.07328708532204022
1150,3,0.07059217378718409
1150,4,0.06767414572789228
1200,0,0.011461893386347649
1200,1,0.07265295933408356
1200,2,0.026069953970039934
1200,3,0.013208780223775397
1200,4,0.011075959326396963
1250,0,0.10827665953473076
1250,1,0.014178747300096713
1250,2,0.030707368822482973
1250,3,0.09540168696097569
1250,4,0.009379232377972098
1300,0,0.03998639612418203
1300,1,0.0750153650927595
1300,2,0.0226711821482692
1300,3,0.006419258134706854
1300,4,0.03308537252321636
1350,0,0.11786834551736101
1350,1,0.03116753118230574
1350,2,0.07555555489174835
1350,3,0.010292321166772821
1350,4,0.011792873907576553
1400,0,0.04001364610979609
1400,1,0.019236212594999046
1400,2,0.03099704623024586
1400,3,0.056264975784230106
1400,4,0.011458048481307796
1450,0,0.05195984026149426
1450,1,0.048531503943315006
1450,2,0.1657052107659865
1450,3,0.03851781243788384
1450,4,0.1387487747693651
1500,0,0.016306517102066896
1500,1,0.011349531928674403
1500,2,0.002154501102343645
1500,3,0.030114894570627323
1500,4,0.08842025715298503
1550,0,0.04274149038112733
1550,1,0.08269534448806655
1550,2,0.04930803687027096
1550,3,0.02119532672548361
1550,4,0.03752075259106618
1600,0,0.013270338164493013
1600,1,0.03979918340870826
1600,2,0.008120152400047667
1600,3,0.07069888170968477
1600,4,0.03765836560447094
1650,0,0.032599338566909615
1650,1,0.009268899611064946
1650,2,0.04446753731656385
1650,3,0.02293087438367757
1650,4,0.003157035793271901
1700,0,0.01140591951576023
1700,1,0.07301350902401554
1700,2,0.008810043983999176
1700,3,0.00991876378385936
1700,4,0.03626653933035243
1750,0,0.08261408778168527
1750,1,0.08241144868888062
1750,2,0.1012318378772212
1750,3,0.05112809281598523
1750,4,0.03741035952780994
1800,0,0.04587357627218529
1800,1,0.03842072194792804
1800,2,0.03963915362365852
1800,3,0.03297688584448203
1800,4,0.07939719768354547
1850,0,0.008843465101418119
1850,1,0.008729368533863129
1850,2,0.03168193491565817
1850,3,0.032969493475029324
1850,4,0.07963565077903237
1900,0,0.008562271894771857
1900,1,0.11299564150886528
1900,2,0.0517275253129318
1900,3,0.053445112030942564
1900,4,0.14150619244400578
1950,0,0.021277981577207932
1950,1,0.09303104320601807
1950,2,0.005123658360976075
1950,3,0.05536524180386103
1950,4,0.11795042125825578
2000,0,0.025296775980349743
2000,1,0.0739989653643887
2000,2,0.12843454315331213
2000,3,0.04919000787761678
2000,4,0.005616660484665259
2050,0,0.048627898371202516
2050,1,0.01728603121019975
2050,2,0.07017839767335815
2050,3,0.08539778612469998
2050,4,0.023284369757414512
2100,0,0.024305284919128194
2100,1,0.0686180187705824
2100,2,0.06629213754284892
2100,3,0.042777681096571846
2100,4,0.04570456076804589
2150,0,0.00937523333042969
2150,1,0.007074734977368413
2150,2,0.0036121323342314096
2150,3,0.005902965356496675
2150,4,0.03592265128021594
2200,0,0.01295808145521551
2200,1,0.019796653757642967
2200,2,0.07797085994139091
2200,3,0.10392314467913295
2200,4,0.07672132607691293
2250,0,0.07621059637609458
2250,1,0.09658655121185353
2250,2,0.08099361085912889
2250,3,0.012818541258661212
2250,4,0.006801240695637831
2300,0,0.014720457703481907
2300,1,0.03978636701182957
2300,2,0.020550593057135833
2300,3,0.021038714314330152
2300,4,0.24353035745056506
2350,0,0.009320776523444823
2350,1,0.10818743861927779
2350,2,0.05985751832476853
2350,3,0.08851077264943516
2350,4,0.08459912455220799
2400,0,0.10843242999674958
2400,1,0.0421882388824184
2400,2,0.06411095850164775
2400,3,0.042041192597261086
2400,4,0.01648468986666112
2450,0,0.004614853735493666
2450,1,0.03027394713280711
2450,2,0.12034035846298616
2450,3,0.03216729705772618
2450,4,0.07644904757418497
2500,0,0.0552733208700183
2500,1,0.11342333038224545
2500,2,0.030375236624592742
2500,3,0.028174722713808564
2500,4,0.040408190691987186
2550,0,0.1008031342518674
2550,1,0.009582373140302976
2550,2,0.055218809069011984
2550,3,0.06640359082911106
2550,4,0.03283575604428806
2600,0,0.1573727660683385
2600,1,0.016733499335165974
2600,2,0.028413938041038946
2600,3,0.05224578930401953
2600,4,0.02798169044214448
2650,0,0.027480208787416437
2650,1,0.05838134869117021
2650,2,0.008930145575521159
2650,3,0.02068338705338175
2650,4,0.0268783718814961
2700,0,0.01598882422193702
2700,1,0.013797554131076995
2700,2,0.011975260957490661
2700,3,0.020130247763005815
2700,4,0.02581611657472905
2750,0,0.05678107078948052
2750,1,0.04025781756379746
2750,2,0.023551472883877142
2750,3,0.07884914393955081
2750,4,0.015027703583714986
2800,0,0.028852382917187266
2800,1,0.07094048121488887
2800,2,0.009269675021272333
2800,3,0.03568727889598757
2800,4,0.060238914955367505
2850,0,0.032726174539655574
2850,1,0.016066969222600758
2850,2,0.03251902327869028
2850,3,0.04656686053407508
2850,4,0.03404827455246448
2900,0,0.07733311063186325
2900,1,0.04876797104657933
2900,2,0.03706530554305469
2900,3,0.02646765714981211
2900,4,0.02181518966225141
2950,0,0.05060706472420626
2950,1,0.019620190493468706
2950,2,0.06515605785343369
2950,3,0.05288640538928695
2950,4,0.015471990822127578
3000,0,0.020886763152772155
3000,1,0.053538461642075603
3000,2,0.07863397802476994
3000,3,0.14309643601431868
3000,4,0.030757712447449674
3050,0,0.011376510888668812
3050,1,0.05612212130702117
3050,2,0.05402545696243577
3050,3,0.01706888616752715
3050,4,0.022041707624410593
3100,0,0.04215722802794321
3100,1,0.053248145507613684
3100,2,0.0964087651616802
3100,3,0.058979885342377525
3100,4,0.02891490748731527
3150,0,0.060434716843880396
3150,1,0.11848552654227437
3150,2,0.008423887166860662
3150,3,0.02949486184066641
3150,4,0.06509681251797203
3200,0,0.05559655452453866
3200,1,0.018348348018282192
3200,2,0.02064182646957387
3200,3,0.1415068262487715
3200,4,0.0474720180738085
3250,0,0.03518174242416087
3250,1,0.030522860285366438
3250,2,0.009577708494206737
3250,3,0.08683422424367021
3250,4,0.0997871985777735
3300,0,0.14346068058879408
3300,1,0.0674714198753813
3300,2,0.023376537382597953
3300,3,0.03698570669866942
3300,4,0.00752645334802522
3350,0,0.062218727084375494
3350,1,0.03977834681079645
3350,2,0.03017358115968338
3350,3,0.009970550386011804
3350,4,0.041767294322232563
3400,0,0.053778736504309956
3400,1,0.04393548537344273
3400,2,0.04267077454183366
3400,3,0.020341629113716536
3400,4,0.032116039606402275
3450,0,0.03403949911499874
3450,1,0.06864460557829725
3450,2,0.04005648355759651
3450,3,0.017836269228737264
3450,4,0.0824539075787194
3500,0,0.042267866045022896
3500,1,0.017136419550186098
3500,2,0.03192196540001882
3500,3,0.035191049998543646
3500,4,0.0668607882095328
3550,0,0.00568000880281007
3550,1,0.09098133050247179
3550,2,0.020801141795584198
3550,3,0.08789786686831484
3550,4,0.07870675002819008
3600,0,0.09778438973067226
3600,1,0.12476689013917114
3600,2,0.04248652727630254
3600,3,0.016890085849396965
3600,4,0.07270331405788871
3650,0,0.048061262987982335
3650,1,0.024687585442890105
3650,2,0.02575393173866856
3650,3,0.10062283538044434
3650,4,0.07306613442628533
3700,0,0.04836556109464668
3700,1,0.04821721684211979
3700,2,0.04303866720752397
3700,3,0.02261165352202265
3700,4,0.014571376050325529
3750,0,0.005696654720096705
3750,1,0.03029144887587915
3750,2,0.08278215387388758
3750,3,0.023170725064183894
3750,4,0.007316419889536149
3800,0,0.015076305913585063
3800,1,0.014281522152767907
3800,2,0.024383908628437728
3800,3,0.044528558251980266
3800,4,0.021726984949596656
3850,0,0.14961933990965207
3850,1,0.04385056299524557
3850,2,0.027551814822258082
3850,3,0.039181907495679694
3850,4,0.03732106476240998
3900,0,0.02079259182978399
3900,1,0.018978194724472614
3900,2,0.032067302271940504
3900,3,0.046311607616233756
3900,4,0.06011216079130744
3950,0,0.029013660575666775
3950,1,0.10211903287340711
3950,2,0.06997915314577621
3950,3,0.08684907526853698
3950,4,0.03987320528876504
4000,0,0.17842748351921572
4000,1,0.06151895541213293
4000,2,0.02648748525247347
4000,3,0.00809023330936752
4000,4,0.08866110689022556
4050,0,0.023038052760595895
4050,1,0.0344066127365075
4050,2,0.03083257206267425
4050,3,0.04168890739753201
4050,4,0.01215306031417601
4100,0,0.12283597549171009
4100,1,0.04276724067554511
4100,2,0.028617247858590465
4100,3,0.03211972719373563
4100,4,0.013266569827954789
4150,0,0.02390287639594867
4150,1,0.023861579997980012
4150,2,0.11158241348886482
4150,3,0.018451219471893984
4150,4,0.03248264921461917
4200,0,0.03178545264739831
4200,1,0.00917687310580243
4200,2,0.06468318946990788
4200,3,0.06509106601523745
4200,4,0.03418328356082838
4250,0,0.010370963070033561
4250,1,0.019993311381559572
4250,2,0.023288087083313657
4250,3,0.01848031046817124
4250,4,0.026278829406957995
4300,0,0.05448598443636674
4300,1,0.01662443608066149
4300,2,0.1011330435614394
4300,3,0.029710214994173298
4300,4,0.01574934522448472
4350,0,0.08120229368681649
4350,1,0.06546017873486137
4350,2,0.10577160240348067
4350,3,0.05213832563479576
4350,4,0.07175023954663844
4400,0,0.041424170178773645
4400,1,0.07853157008490279
4400,2,0.046999308505551424
4400,3,0.01731348823894249
4400,4,0.046198511880795476
4450,0,0.06154203339994545
4450,1,0.08151878234492956
4450,2,0.01708381909878468
4450,3,0.016323449390370906
4450,4,0.07200560742053357
4500,0,0.011900288862040283
4500,1,0.013229016403346103
4500,2,0.11031424148767012
4500,3,0.01880270924627619
4500,4,0.0419410523830769
4550,0,0.06664653029228154
4550,1,0.015812890311388363
4550,2,0.024003892913442196
4550,3,0.07882995544207798
4550,4,0.006351131788901878
4600,0,0.06290148547530494
4600,1,0.017963156738168267
4600,2,0.06497988150189257
4600,3,0.015179673909541004
4600,4,0.032065743013378
4650,0,0.04919542661670898
4650,1,0.12416546419999401
4650,2,0.034811600078134886
4650,3,0.053771925760567656
4650,4,0.05984164519797228
4700,0,0.010099628706046571
4700,1,0.03802173720386801
4700,2,0.06622935527392669
4700,3,0.06038519582646065
4700,4,0.01315339784998539
4750,0,0.02266340662830723
4750,1,0.11895581900436818
4750,2,0.1333692126204545
4750,3,0.07187730431088801
4750,4,0.02663967905212073
4800,0,0.08175081039353678
4800,1,0.05931101815851756
4800,2,0.02603411223760088
4800,3,0.02948232521359197
4800,4,0.08093915538847686
4850,0,0.05228094179526611
4850,1,0.05236274319590217
4850,2,0.0360295972084063
4850,3,0.014417870855296227
4850,4,0.039300532757203174
4900,0,0.019972543653726228
4900,1,0.022015491704706493
4900,2,0.014447404611209578
4900,3,0.049208256421051935
4900,4,0.01489572086204626
4950,0,0.02174862064591682
4950,1,0.01594757034786179
4950,2,0.053218529432895824
4950,3,0.03431110425212223
4950,4,0.11233369930702009
5000,0,0.0658963200793489
5000,1,0.055241605697155464
5000,2,0.01769284813137783
5000,3,0.05929850335379469
5000,4,0.01590738822057221
5050,0,0.05555129948975092
5050,1,0.019138247046163865
5050,2,0.07232019081833234
5050,3,0.09659091572192492
5050,4,0.0774009164997418
5100,0,0.08894757936560163
5100,1,0.04638865028215416
5100,2,0.049283231174508016
5100,3,0.12049567160275923
5100,4,0.08448071895409034
5150,0,0.0994677962960877
5150,1,0.07176813359702203
5150,2,0.09977605862630573
5150,3,0.06472134501074588
5150,4,0.035526847242613575
5200,0,0.06353252611851665
5200,1,0.025803585022240606
5200,2,0.005383946043563205
5200,3,0.05908520859741462
5200,4,0.01796239126619838
5250,0,0.13420347191857596
5250,1,0.024441499033406276
5250,2,0.09552409054788223
5250,3,0.026143498235699055
5250,4,0.024450702955129945
5300,0,0.03283271044248403
5300,1,0.08079091455726937
5300,2,0.02549416599930266
5300,3,0.11928451282542929
5300,4,0.09958826487091742
5350,0,0.10500811873374365
5350,1,0.07211776393510824
5350,2,0.047381167144763335
5350,3,0.017266369045054034
5350,4,0.1466202983048391
5400,0,0.024602896170979546
5400,1,0.04767422652754842
5400,2,0.07181564505732717
5400,3,0.07288032570591327
5400,4,0.05962568133782624
5450,0,0.06528066329319887
5450,1,0.055513489351688206
5450,2,0.032585042580914325
5450,3,0.04918019799675474
5450,4,0.0072208032794142795
5500,0,0.08383535948512419
5500,1,0.06141365381574361
5500,2,0.11224621096054868
5500,3,0.052707257564779446
5500,4,0.059424027127080496
5550,0,0.02267526185074828
5550,1,0.08008040880889658
5550,2,0.12416006805732673
5550,3,0.05173342125744245
5550,4,0.06410059964618116
5600,0,0.0309591969372592
5600,1,0.010054694177348205
5600,2,0.04106464416015313
5600,3,0.011374615378112803
5600,4,0.07409377082454369
5650,0,0.06559171060431339
5650,1,0.0189088603569861
5650,2,0.03257441480671602
5650,3,0.07171416788194646
5650,4,0.13548736103415698
5700,0,0.03843032656639806
5700,1,0.13338450762738527
5700,2,0.010895985499256132
5700,3,0.047067683977438275
5700,4,0.060907650381540744
5750,0,0.032836298512469386
5750,1,0.08822611220608102
5750,2,0.01713869890044165
5750,3,0.011219848483825434
5750,4,0.023088782449492667
5800,0,0.10140106939771393
5800,1,0.009591923686101768
5800,2,0.02988263500764283
5800,3,0.008183940065762955
5800,4,0.026666587239465047
5850,0,0.04336521503463347
5850,1,0.056110710875910304
5850,2,0.12447025749149876
5850,3,0.07411393256331766
5850,4,0.04252730740359657
5900,0,0.05341486216400826
5900,1,0.02578866029866615
5900,2,0.04188044740687473
5900,3,0.03021324212990059
5900,4,0.045604687259096506
5950,0,0.09319271363685039
5950,1,0.028923735927435114
5950,2,0.029336453432547014
5950,3,0.05032858904241207
5950,4,0.01700691036020359
6000,0,0.028925367326967506
6000,1,0.0683646655809856
6000,2,0.07698800231204861
6000,3,0.07014561194401259
6000,4,0.028099733094817832
6050,0,0.026111527626701582
6050,1,0.09414107764414004
6050,2,0.04323553949010004
6050,3,0.0459425388392936
6050,4,0.013414730709186832
6100,0,0.01996177597309419
6100,1,0.04824777196928371
6100,2,0.012963482363932919
6100,3,0.04404863789040474
6100,4,0.06367303196801609
6150,0,0.07763844086533422
6150,1,0.08549468916254391
6150,2,0.02705359264497046
6150,3,0.05250392247251629
6150,4,0.01931739824614071
6200,0,0.018816531959954776
6200,1,0.05212554556069413
6200,2,0.02688814794663255
6200,3,0.039989811202355036
6200,4,0.06944951403717668
6250,0,0.06320697647412032
6250,1,0.0234843032683535
6250,2,0.02848546778622391
6250,3,0.046052660075179164
6250,4,0.03006201922692486
6300,0,0.02205633412423743
6300,1,0.09131793361656843
6300,2,0.02536429577181278
6300,3,0.042581862335975856
6300,4,0.06239628895214843
6350,0,0.08814449784303044
6350,1,0.10155054160367635
6350,2,0.09534739115466137
6350,3,0.036843520461541136
6350,4,0.04705179991243694
6400,0,0.06593138004774358
6400,1,0.027334536304828728
6400,2,0.013251674422502234
6400,3,0.04683340154206184
6400,4,0.012002786134893854
6450,0,0.18163074319894196
6450,1,0.01749305219222762
6450,2,0.042239466142459714
6450,3,0.05155043040557469
6450,4,0.017638221990892412
6500,0,0.04095894285745178
6500,1,0.09195665758932303
6500,2,0.044607538600554955
6500,3,0.018263967257964506
6500,4,0.01513561610903238
6550,0,0.021073250223921317
6550,1,0.041374290024120054
6550,2,0.016654935454693317
6550,3,0.06808716380493463
6550,4,0.12318637302883789
6600,0,0.018314116822822774
6600,1,0.027672459232963006
6600,2,0.11618014836881557
6600,3,0.07777076491201561
6600,4,0.047854022819403604
6650,0,0.05885473642792055
6650,1,0.024436243573839254
6650,2,0.09842542862492396
6650,3,0.10057515846370813
6650,4,0.01940180403983094
6700,0,0.030102356635320106
6700,1,0.0861946162761921
6700,2,0.053795190305453884
6700,3,0.08446686850475754
6700,4,0.017966131330923753
6750,0,0.010633761093799321
6750,1,0.0037805422891431916
6750,2,0.09245459358517563
6750,3,0.06532160343255514
6750,4,0.09813649932619362
6800,0,0.02447406790870698
6800,1,0.005360270515561687
6800,2,0.1005118276622209
6800,3,0.008734700910735305
6800,4,0.019809640960905872
6850,0,0.016725056053717716
6850,1,0.009525065616571888
6850,2,0.05218872004561905
6850,3,0.041325718384560485
6850,4,0.06807690504128404
6900,0,0.03548671406315327
6900,1,0.07682104203927463
6900,2,0.10011039843592673
6900,3,0.04040045637118472
6900,4,0.019142426700917526
6950,0,0.013507474782504674
6950,1,0.0712936664438013
6950,2,0.039850431302559323
6950,3,0.046460594862743614
6950,4,0.10041228448252734
7000,0,0.024441089889773737
7000,1,0.022980535241808448
7000,2,0.03746715228036419
7000,3,0.028883948829756628
7000,4,0.012276883765842218
7050,0,0.0899521921633931
7050,1,0.10976131775356927
7050,2,0.009179324593890335
7050,3,0.03208967902612925
7050,4,0.09821250875015869
7100,0,0.0490510958083507
7100,1,0.10055509683750498
7100,2,0.04668395736224597
7100,3,0.051199871826011434
7100,4,0.05313922162583867
7150,0,0.07769965813953109
7150,1,0.013859540937563551
7150,2,0.08951480324504991
7150,3,0.012906078994024479
7150,4,0.06355570391396825
7200,0,0.026229801752967945
7200,1,0.06887460979925766
7200,2,0.04148870328173683
7200,3,0.08198754097422363
7200,4,0.033098111728616784
7250,0,0.07579236026803757
7250,1,0.042996824010617336
7250,2,0.11470180905286542
7250,3,0.037715273762760876
7250,4,0.04454292171602575
7300,0,0.03303369491897629
7300,1,0.08026659875066341
7300,2,0.04877227696140504
7300,3,0.08477518799743236
7300,4,0.01995800278083956
7350,0,0.015356676072640216
7350,1,0.03077360882314584
7350,2,0.08187970978820089
7350,3,0.11557184724231068
7350,4,0.05426863735160483
7400,0,0.03652098711699891
7400,1,0.17119625251447532
7400,2,0.14805553856576928
7400,3,0.11067252369039028
7400,4,0.13274589447512114
7450,0,0.03890208863287421
7450,1,0.03238999652670558
7450,2,0.04840676605599677
7450,3,0.10136590588062634
7450,4,0.10818898684709086
7500,0,0.018071939574932184
7500,1,0.006225903548883484
7500,2,0.0178844031211556
7500,3,0.06005345015067826
7500,4,0.05543033352777159
7550,0,0.08174149802884702
7550,1,0.002453950896004243
7550,2,0.01486058124704414
7550,3,0.02700013888853167
7550,4,0.038249011425133594
7600,0,0.037356282938750734
7600,1,0.030714735877099764
7600,2,0.062108790641905116
7600,3,0.02835157623484098
7600,4,0.08227444925370209
7650,0,0.11722270204614804
7650,1,0.032545852270297056
7650,2,0.052964280416144614
7650,3,0.025623170666410504
7650,4,0.11064635951986852
7700,0,0.008231152713927745
7700,1,0.08789474884769852
7700,2,0.03572949586825988
7700,3,0.0720469465001814
7700,4,0.10574659273470706
7750,0,0.015534719179953008
7750,1,0.015291725703791592
7750,2,0.0854772191873367
7750,3,0.048767580163465156
7750,4,0.03171406430907271
7800,0,0.06078003372819071
7800,1,0.08007425850421594
7800,2,0.07361186640073733
7800,3,0.01779136026277923
7800,4,0.020035390562701788
7850,0,0.009157647077715983
7850,1,0.09543551160338588
7850,2,0.01714970845233236
7850,3,0.024536847291369773
7850,4,0.12069376537336138
7900,0,0.1568560546329022
7900,1,0.08480072228465983
7900,2,0.03462260822064103
7900,3,0.05777345302991677
7900,4,0.028034119836370823
7950,0,0.06931628596513231
7950,1,0.010510233108737391
7950,2,0.0074153556893786195
7950,3,0.03475675294097538
7950,4,0.04236693138522072
8000,0,0.020475763111542387
8000,1,0.015050747489742824
8000,2,0.022311488072291375
8000,3,0.07933783381842487
8000,4,0.03458196784452845
8050,0,0.033120414776992145
8050,1,0.035361870354945875
8050,2,0.10383550392327277
8050,3,0.011410822713546988
8050,4,0.09722691242654986
8100,0,0.09647493197717218
8100,1,0.06285834769543343
8100,2,0.024767859717787496
8100,3,0.018900330684937763
8100,4,0.054689869948647704
8150,0,0.047517490200977584
8150,1,0.06630465198611632
8150,2,0.023891041731159385
8150,3,0.03047461033385005
8150,4,0.05797695123926403
8200,0,0.012975072254134086
8200,1,0.10555657250972106
8200,2,0.1338753408025541
8200,3,0.05720010380235336
8200,4,0.03486466692799459
8250,0,0.04648790165193519
8250,1,0.030645635904643906
8250,2,0.03672413205237122
8250,3,0.05419208313951402
8250,4,0.01980467116616683
8300,0,0.017204123778908363
8300,1,0.036505915616513444
8300,2,0.01911733506532749
8300,3,0.07239307200968889
8300,4,0.06425878830946007
8350,0,0.04091763067431935
8350,1,0.08091952792744159
8350,2,0.019055379817783748
8350,3,0.05272951616504745
8350,4,0.028712573465295647
8400,0,0.028610837107641573
8400,1,0.02664948404753832
8400,2,0.03563168358357489
8400,3,0.05080083660728434
8400,4,0.13155858723397726
8450,0,0.03496372227037619
8450,1,0.04726692157312554
8450,2,0.03715390289054435
8450,3,0.06403877731499878
8450,4,0.07704618744623253
8500,0,0.06450125483275501
8500,1,0.056987147673839576
8500,2,0.02901571772333058
8500,3,0.032127353999357004
8500,4,0.0338783393188037
8550,0,0.11858426065460796
8550,1,0.019928920567858173
8550,2,0.04710740387667315
8550,3,0.050146485420216644
8550,4,0.02733500503018063
8600,0,0.0413360239379648
8600,1,0.0470157088109921
8600,2,0.04954384421903492
8600,3,0.02401223646393648
8600,4,0.07555102166747979
8650,0,0.061776148309845284
8650,1,0.07722568792183077
8650,2,0.05830098626953063
8650,3,0.0315089273064
8650,4,0.04177734882684636
8700,0,0.06026501368953632
8700,1,0.06773442164069905
8700,2,0.03726924838254725
8700,3,0.08916595482581902
8700,4,0.016523089904736346
8750,0,0.037629003109303866
8750,1,0.01818493538619262
8750,2,0.09697064955438836
8750,3,0.04417966161029303
8750,4,0.07796487991397151
8800,0,0.1127573362358299
8800,1,0.02520064483301964
8800,2,0.031135700971714128
8800,3,0.09794064529091076
8800,4,0.016625733066544766
8850,0,0.06442252614575121
8850,1,0.025314669660100257
8850,2,0.033414994762830656
8850,3,0.025383508425747624
8850,4,0.04147610004568897
8900,0,0.04573173815852618
8900,1,0.0893228134353145
8900,2,0.0010368220676663924
8900,3,0.019159902792028997
8900,4,0.030282255530260618
8950,0,0.026644980765615115
8950,1,0.13147565126288593
8950,2,0.026274940532758594
8950,3,0.02588735212415515
8950,4,0.08214493289302756
9000,0,0.05412538106101425
9000,1,0.09640929350949522
9000,2,0.008597201579583914
9000,3,0.016358254796890768
9000,4,0.061541139695329004
9050,0,0.03399326220003017
9050,1,0.009915770267609082
9050,2,0.027551712741679064
9050,3,0.04367547223556947
9050,4,0.012800463858782626
9100,0,0.014005534620284931
9100,1,0.06924252667255869
9100,2,0.18452607539315413
9100,3,0.055544323517349635
9100,4,0.033867720620083086
9150,0,0.04555548814358156
9150,1,0.12444328778604334
9150,2,0.05580109205920616
9150,3,0.010409941162177623
9150,4,0.07071218070459996
9200,0,0.021617122842783693
9200,1,0.0229160969626156
9200,2,0.025770234768041987
9200,3,0.051170566490903735
9200,4,0.053665043324309346
9250,0,0.01426937279630748
9250,1,0.10605247227198429
9250,2,0.03337314601592124
9250,3,0.00539305108449752
9250,4,0.03516037364704762
9300,0,0.11558107544057547
9300,1,0.026669739406300925
9300,2,0.043901445021775766
9300,3,0.08573314338690725
9300,4,0.04299705658530593
9350,0,0.14958145774125883
9350,1,0.03793292600103505
9350,2,0.026751588737867524
9350,3,0.010076302645315883
9350,4,0.056932476452372933
9400,0,0.04028076464021009
9400,1,0.04295782815739177
9400,2,0.023372459755019368
9400,3,0.09688759918070011
9400,4,0.05882620589499209
9450,0,0.032052564249994114
9450,1,0.014305833600318441
9450,2,0.07437830244768967
9450,3,0.0414836338210625
9450,4,0.011835830135651667
9500,0,0.07714539438618484
9500,1,0.03822174610087822
9500,2,0.03522104307086888
9500,3,0.06740550329906306
9500,4,0.03039131249222382
9550,0,0.044080239336918306
9550,1,0.020915589281681746
9550,2,0.016622725408307736
9550,3,0.019604846339617142
9550,4,0.02773016182787256
9600,0,0.02845004393669717
9600,1,0.03247044810285192
9600,2,0.011634109334194863
9600,3,0.031457540828869625
9600,4,0.0477966722167977
9650,0,0.01982742734194227
9650,1,0.03237784736513532
9650,2,0.05436889620913781
9650,3,0.02380908440070723
9650,4,0.13244305144098725
9700,0,0.09584931859434369
9700,1,0.06051646470176525
9700,2,0.01661512864831326
9700,3,0.031315531290399656
9700,4,0.06505798855636408
9750,0,0.12124164661946818
9750,1,0.00532799211711129
9750,2,0.019318562964154448
9750,3,0.05771595858166092
9750,4,0.022516771527019586
9800,0,0.04191783629912212
9800,1,0.03844674888725964
9800,2,0.03009256552705336
9800,3,0.07368612488114706
9800,4,0.08711087762156916
9850,0,0.021475145517551218
9850,1,0.054731498015311075
9850,2,0.014178218329536332
9850,3,0.02156461221538658
9850,4,0.045749480871371644
9900,0,0.04191678512243038
9900,1,0.03242348685752352
9900,2,0.02447042858227048
9900,3,0.07005181564385037
9900,4,0.01567498006378318
9950,0,0.044751117304487484
9950,1,0.10150823858190035
9950,2,0.07046804240221238
9950,3,0.0527270566218142
9950,4,0.00471221816133337
10000,0,0.01131492377349491
10000,1,0.08820173963703891
10000,2,0.038660089239421054
10000,3,0.12758425647390823
10000,4,0.008344571588763552
10050,0,0.15721993154495395
10050,1,0.04317715686563903
10050,2,0.03096998546980607
10050,3,0.03685817412732215
10050,4,0.05582618113394467
10100,0,0.22263724418883735
10100,1,0.02245267244672669
10100,2,0.10742121240704743
10100,3,0.025531585830104633
10100,4,0.02154216795032478
10150,0,0.02520063243254026
10150,1,0.018581089176902408
10150,2,0.07951542303226464
10150,3,0.020145657100228812
10150,4,0.02455528201833569
10200,0,0.07603382470979611
10200,1,0.055865038261868206
10200,2,0.0820795764791705
10200,3,0.018301144089919615
10200,4,0.022303811333491866
10250,0,0.07656746616546745
10250,1,0.030325319454211838
10250,2,0.009140944973032066
10250,3,0.05172104866492945
10250,4,0.0691499276933823
10300,0,0.14625279484509007
10300,1,0.01908132267428021
10300,2,0.07872453556547666
10300,3,0.06709375436655783
10300,4,0.03916952737779716
10350,0,0.0637583474927009
10350,1,0.07411448492029071
10350,2,0.08273652458255666
10350,3,0.01277700571338996
10350,4,0.08007427801735087
10400,0,0.024657960175164535
10400,1,0.08667324774692593
10400,2,0.056141851590413364
10400,3,0.01647063675150418
10400,4,0.08363927008289827
10450,0,0.026706214164497366
10450,1,0.022101696767443006
10450,2,0.061380717656280295
10450,3,0.08618655275041459
10450,4,0.009803188256888678
10500,0,0.04315196258572719
10500,1,0.09878858739753292
10500,2,0.01231797467118682
10500,3,0.07058411205788452
10500,4,0.07961128610316504
10550,0,0.06208246531831674
10550,1,0.026070577285514783
10550,2,0.020276633719629115
10550,3,0.01836715819064015
10550,4,0.0848599250235351
10600,0,0.10175198708133418
10600,1,0.06057926109651717
10600,2,0.0158810224796768
10600,3,0.10068960658876368
10600,4,0.060050536009264736
10650,0,0.017795926500185386
10650,1,0.05941070505388739
10650,2,0.05174659409081915
10650,3,0.05312188814415393
10650,4,0.048402995775055094
10700,0,0.14024548789533303
10700,1,0.0074781347941849765
10700,2,0.027648417676243247
10700,3,0.026410651260428984
10700,4,0.027759266470856178
10750,0,0.13823303467333706
10750,1,0.04526529437659718
10750,2,0.01940785923279538
10750,3,0.03151225951911415
10750,4,0.027951744131628
10800,0,0.00948920439236083
10800,1,0.05818944814139415
10800,2,0.03255083524273993
10800,3,0.008878907590464058
10800,4,0.05052808006445526
10850,0,0.08815138612069578
10850,1,0.05603009793851872
10850,2,0.023187119269111458
10850,3,0.035828087794354875
10850,4,0.018644888709777808
10900,0,0.07310069681610429
10900,1,0.032949734445060413
10900,2,0.05307628354547819
10900,3,0.08902305881062503
10900,4,0.10339726785558696
10950,0,0.026542360011875342
10950,1,0.014272438474206148
10950,2,0.05711613169674571
10950,3,0.06309541881151119
10950,4,0.03745566545931335
11000,0,0.02208228928349596
11000,1,0.02017019769362711
11000,2,0.023992186228020154
11000,3,0.09314047186910747
11000,4,0.047336580727805
11050,0,0.0163290194133022
11050,1,0.035985231345650674
11050,2,0.02336839478868842
11050,3,0.15149853753419537
11050,4,0.050071917029408795
11100,0,0.06271612631532658
11100,1,0.07044717879376007
11100,2,0.059522364494364634
11100,3,0.0682601823906148
11100,4,0.04160825489010564
11150,0,0.035359395851739306
11150,1,0.017656071901756634
11150,2,0.014715531760694215
11150,3,0.028051827034972256
11150,4,0.06995671876238908
11200,0,0.01973505763862877
11200,1,0.01016292280793276
11200,2,0.03066508600998862
11200,3,0.08240153214594982
11200,4,0.0709884849817208
11250,0,0.01402622543665971
11250,1,0.022459630451100495
11250,2,0.07189128511161837
11250,3,0.026106452746399687
11250,4,0.010804715405784643
11300,0,0.0686704949377824
11300,1,0.03361468243193738
11300,2,0.03309451427351669
11300,3,0.005775108224094167
11300,4,0.10491427452925556
11350,0,0.11268112918763282
11350,1,0.013793544685830394
11350,2,0.00364348734044733
11350,3,0.07968354598033398
11350,4,0.03007219438285142
11400,0,0.03314279710585696
11400,1,0.047950984087920465
11400,2,0.006288233058658057
11400,3,0.029822223257161766
11400,4,0.10428434685991948
11450,0,0.011445605051721808
11450,1,0.03062776518128608
11450,2,0.08594577869214985
11450,3,0.047524750130852875
11450,4,0.00894353817009801
11500,0,0.02650805302167625
11500,1,0.04676481048822929
11500,2,0.08010753319757137
11500,3,0.016817606101939723
11500,4,0.04861899705876296
11550,0,0.009053728513711898
11550,1,0.02233320118120104
11550,2,0.012604042010402855
11550,3,0.03451277843060451
11550,4,0.08489263807892886
11600,0,0.018696791168540127
11600,1,0.03976320535369352
11600,2,0.014720118036211543
11600,3,0.06836729846937055
11600,4,0.13681897483536415
11650,0,0.016395025922516862
11650,1,0.049374962025301866
11650,2,0.02894106079603857
11650,3,0.09776209324170589
11650,4,0.016120406322422523
11700,0,0.019367417871259972
11700,1,0.012482662977105492
11700,2,0.050638146441195894
11700,3,0.021564945513494797
11700,4,0.015890012586527436
11750,0,0.013469038569994513
11750,1,0.0427741160048925
11750,2,0.025216760299451635
11750,3,0.07832568225045985
11750,4,0.00644258294475126
11800,0,0.03335828232988025
11800,1,0.06201278094070608
11800,2,0.04671308034159168
11800,3,0.028838895176479976
11800,4,0.11073078557925976
11850,0,0.014371216893499317
11850,1,0.03198444934651839
11850,2,0.02017651791068023
11850,3,0.01926452374184216
11850,4,0.031191455160027404
11900,0,0.0056751101310899684
11900,1,0.015475545224643956
11900,2,0.14519926609663011
11900,3,0.037599825465020456
11900,4,0.0923312887108157
11950,0,0.057067695546605006
11950,1,0.014519362072763387
11950,2,0.12568433424655595
11950,3,0.14525826998832114
11950,4,0.032253681960359194
12000,0,0.017886657038138798
12000,1,0.0074352202388362374
12000,2,0.13388597760781373
12000,3,0.034152552979243
12000,4,0.03724603166781662
12050,0,0.03223080824304597
12050,1,0.02339113079780454
12050,2,0.026347046798455415
12050,3,0.057360324920627835
12050,4,0.05767306021878845
12100,0,0.005951050327463204
12100,1,0.08364688801742717
12100,2,0.03597759719603297
12100,3,0.09528866669231972
12100,4,0.013980768040418954
12150,0,0.03032139302538719
12150,1,0.1400362162977849
12150,2,0.024910075772666768
12150,3,0.09926376478856723
12150,4,0.06326054753952104
12200,0,0.08489524059097778
12200,1,0.005611316690403423
12200,2,0.03849720769094817
12200,3,0.08133109414608904
12200,4,0.03279165290131013
12250,0,0.04833683895332835
12250,1,0.016108227711328152
12250,2,0.02226952794739934
12250,3,0.03614031682207559
12250,4,0.10064324368779058
12300,0,0.02347012728981248
12300,1,0.017730905222238368
12300,2,0.013838781557637226
12300,3,0.02595085499554879
12300,4,0.09545072026967634
12350,0,0.003555629339512196
12350,1,0.11506547049397572
12350,2,0.08326491983422551
12350,3,0.021794423025168628
12350,4,0.12041226058836368
12400,0,0.04376798915874479
12400,1,0.10600601398033979
12400,2,0.028356072982696323
12400,3,0.049916555369937124
12400,4,0.02808410359972345
12450,0,0.0572233562455052
12450,1,0.06038043453801902
12450,2,0.09841314381219614
12450,3,0.006942982068247037
12450,4,0.09638441264021896
12500,0,0.027943603919322938
12500,1,0.06877079685447886
12500,2,0.005468317840067468
12500,3,0.0184283748605242
12500,4,0.03389412744119548
12550,0,0.06362799600018848
12550,1,0.0543670109073508
12550,2,0.011509642696452393
12550,3,0.13298313802884934
12550,4,0.12543829160188688
12600,0,0.03329244471347816
12600,1,0.126912890893715
12600,2,0.013017176153067914
12600,3,0.01642869060515781
12600,4,0.04089299298168332
12650,0,0.043391495422490343
12650,1,0.006544606558075152
12650,2,0.06128992576272221
12650,3,0.07710413413040836
12650,4,0.022303194838408237
12700,0,0.009313431161500057
12700,1,0.05473833209004453
12700,2,0.0621486323260617
12700,3,0.05098295671104218
12700,4,0.07180279851788507
12750,0,0.017456714324293673
12750,1,0.019434167720795252
12750,2,0.034753237259282754
12750,3,0.005107102896946557
12750,4,0.032592896081815134
12800,0,0.05892373778877238
12800,1,0.016097107659452364
12800,2,0.01995927102877257
12800,3,0.04872783470461209
12800,4,0.03538074158352252
12850,0,0.030300206269924967
12850,1,0.07146179048974355
12850,2,0.029271519861462612
12850,3,0.07458124764309053
12850,4,0.038473822269174146
12900,0,0.047832069524535524
12900,1,0.04514047518580193
12900,2,0.05095355728504144
12900,3,0.015221941400491589
12900,4,0.04228548066417124
12950,0,0.054149492149049766
12950,1,0.022159126223748077
12950,2,0.06591640065264485
12950,3,0.020133243653221906
12950,4,0.10224261281383609
13000,0,0.04029705324214167
13000,1,0.06715604961580154
13000,2,0.03623171090357175
13000,3,0.04669075791845747
13000,4,0.11032897114992053
13050,0,0.010356489511412636
13050,1,0.04882178688864225
13050,2,0.06236048428291749
13050,3,0.03691683220429403
13050,4,0.052252966422969706
13100,0,0.0696108827698658
13100,1,0.036771218364367524
13100,2,0.026421901426657395
13100,3,0.025315311572248127
13100,4,0.01554724654078657
13150,0,0.01800935520778019
13150,1,0.039688411406857804
13150,2,0.036880711422097055
13150,3,0.0038087891776783867
13150,4,0.025302223222475932
13200,0,0.04403097631213735
13200,1,0.07969689454426689
13200,2,0.030228990638127496
13200,3,0.04111461875051257
13200,4,0.03928010787917978
13250,0,0.06940552481611247
13250,1,0.07624108144563534
13250,2,0.04006513446876225
13250,3,0.0035926139508719885
13250,4,0.09709138414401146
13300,0,0.021597337798904742
13300,1,0.02919378144399934
13300,2,0.026295092222694348
13300,3,0.04736966328780478
13300,4,0.03798989174767415
13350,0,0.0470371329377121
13350,1,0.13501396918467362
13350,2,0.017855811378932083
13350,3,0.05829572775941647
13350,4,0.04316254163044619
13400,0,0.01347114972821548
13400,1,0.024569531436313557
13400,2,0.17067728319843856
13400,3,0.08868684724918345
13400,4,0.02176251076966994
13450,0,0.027853579213451184
13450,1,0.02290091428305864
13450,2,0.036286386910244994
13450,3,0.0318553370724593
13450,4,0.1421785936771074
13500,0,0.08627387712975465
13500,1,0.03779222803699194
13500,2,0.012817834255442691
13500,3,0.028585923109110893
13500,4,0.04951093313602563
13550,0,0.08874956337920767
13550,1,0.14196854405113832
13550,2,0.016945058276677586
13550,3,0.035272439666118933
13550,4,0.026536425437500056
13600,0,0.07453073191643833
13600,1,0.04372793729413726
13600,2,0.01254521821253022
13600,3,0.05284548230454521
13600,4,0.11718653932939568
13650,0,0.0682804510822827
13650,1,0.01747203122135489
13650,2,0.03255060483309028
13650,3,0.035544857222951386
13650,4,0.062931128028981
13700,0,0.02048725213394905
13700,1,0.04997896432500378
13700,2,0.012742914697980213
13700,3,0.030045715168722474
13700,4,0.02555220147071482
13750,0,0.09260809899787384
13750,1,0.019119427292677987
13750,2,0.07098976598778163
13750,3,0.02251581388713275
13750,4,0.009230486173544715
13800,0,0.09324849529617087
13800,1,0.051240139295282955
13800,2,0.11136402864031096
13800,3,0.039310749166099605
13800,4,0.035943601655927575
13850,0,0.059576883100746374
13850,1,0.028351223518571462
13850,2,0.04746435504670847
13850,3,0.01190259950599028
13850,4,0.04654806655490644
13900,0,0.009154609494675349
13900,1,0.015353582643800103
13900,2,0.025401710080228863
13900,3,0.009932616724710562
13900,4,0.04389586398511824
13950,0,0.08065218533927027
13950,1,0.08164112015400084
13950,2,0.11597368235940428
13950,3,0.0050957703048705
13950,4,0.04414863389732462
14000,0,0.029727975040355487
14000,1,0.07051682423365364
14000,2,0.11674862954227772
14000,3,0.15537284793360776
14000,4,0.04324956647181564
14050,0,0.04145276679547459
14050,1,0.04496067726358223
14050,2,0.0388867184910221
14050,3,0.034117251867640225
14050,4,0.023990974865561433
14100,0,0.019956515226862644
14100,1,0.0357418784481174
14100,2,0.031935667755661534
14100,3,0.01660007530103403
14100,4,0.040739998772704934
14150,0,0.010844468636129676
14150,1,0.021927080859065567
14150,2,0.0239880699515405
14150,3,0.047780821204747005
14150,4,0.07944096471594488
14200,0,0.06450633689801336
14200,1,0.03145316955411649
14200,2,0.10407121059639884
14200,3,0.004579505977722926
14200,4,0.055725594433796745
14250,0,0.05473012767206011
14250,1,0.026839895677889657
14250,2,0.016314927980227198
14250,3,0.07992379182696477
14250,4,0.06343628693421455
14300,0,0.014750317793186694
14300,1,0.04516831715926552
14300,2,0.03560852250515317
14300,3,0.08340936697997413
14300,4,0.08634585615418959
14350,0,0.037089250464251766
14350,1,0.10478160621025047
14350,2,0.009933623457731832
14350,3,0.07284589899232488
14350,4,0.08864077433664486
14400,0,0.014949142952022366
14400,1,0.05003701130163551
14400,2,0.020233141130333664
14400,3,0.011079795801367462
14400,4,0.0020656415468323554
14450,0,0.029950166944442892
14450,1,0.024034493441718284
14450,2,0.05111845923930025
14450,3,0.014989725647922978
14450,4,0.03912884965086502
14500,0,0.029730203497453558
14500,1,0.02975998781921793
14500,2,0.01832900706530499
14500,3,0.03242710093424942
14500,4,0.02422163289293272
14550,0,0.0353803971147866
14550,1,0.034105351486240415
14550,2,0.020654599971919093
14550,3,0.05436765467628707
14550,4,0.036598155691236686
14600,0,0.03743957631971815
14600,1,0.10335292388220085
14600,2,0.07623497802846145
14600,3,0.08268048061664857
14600,4,0.08921027126962455
14650,0,0.054050132978559824
14650,1,0.07688453599391751
14650,2,0.004672459202604116
14650,3,0.009923803454321322
14650,4,0.012405744637062304
14700,0,0.036359077271019946
14700,1,0.012160669183889514
14700,2,0.022314611244653136
14700,3,0.009449966931159064
14700,4,0.04723282756727572
14750,0,0.059434181032466483
14750,1,0.04414444330830325
14750,2,0.14173507857972212
14750,3,0.008276774734158214
14750,4,0.04978867215542106
14800,0,0.010910173005044413
14800,1,0.012753700443400741
14800,2,0.013778493204991615
14800,3,0.009554154855349599
14800,4,0.0187902068908248
14850,0,0.014897650821522158
14850,1,0.026951008793735343
14850,2,0.04429844099965596
14850,3,0.05920588547602341
14850,4,0.07418397316806376
14900,0,0.03490439621308468
14900,1,0.05224339671192907
14900,2,0.18072941791529126
14900,3,0.04440436352432045
14900,4,0.031706860456374414
14950,0,0.016014056325615946
14950,1,0.055150022665453186
14950,2,0.07304383529771696
14950,3,0.05309785777223033
14950,4,0.029066518539377917
15000,0,0.0317849807298982
15000,1,0.16322038781965933
15000,2,0.00679314912246155
15000,3,0.08457478938785482
15000,4,0.03740989174001979
15050,0,0.02727782982570276
15050,1,0.0453795865450535
15050,2,0.04689042412902659
15050,3,0.043682605233662505
15050,4,0.03898416345132981
15100,0,0.06633624103761081
15100,1,0.039694670612060765
15100,2,0.12584276896190735
15100,3,0.021453962337992488
15100,4,0.043832942805611404
15150,0,0.040802113915825486
15150,1,0.016891621443780928
15150,2,0.06313703350649287
15150,3,0.07047597108234833
15150,4,0.0376212954986933
15200,0,0.03185957469898178
15200,1,0.02863952688156702
15200,2,0.07766638590793316
15200,3,0.07057720949428364
15200,4,0.09608695280838081
15250,0,0.04289749409930608
15250,1,0.08058360177480278
15250,2,0.04017116503164925
15250,3,0.07667207363179894
15250,4,0.07628077657575334
15300,0,0.049191183153081415
15300,1,0.03423276025972781
15300,2,0.015829620178639807
15300,3,0.003886193510364597
15300,4,0.04757775215371151
15350,0,0.05634427100424673
15350,1,0.01225283130545752
15350,2,0.05509316541096546
15350,3,0.04159459099450312
15350,4,0.009796045120353411
15400,0,0.019228689502927648
15400,1,0.0200915871697584
15400,2,0.023466145827553377
15400,3,0.024124093247208274
15400,4,0.05802848438482605
15450,0,0.018499510128649362
15450,1,0.06066967941237204
15450,2,0.10887565154799306
15450,3,0.02025938054334337
15450,4,0.08037239498111276
15500,0,0.009132736446432694
15500,1,0.17268913363324281
15500,2,0.04138570858400277
15500,3,0.07925493675475363
15500,4,0.019795627673807156
15550,0,0.035125596080351436
15550,1,0.012558936061625607
15550,2,0.06165190082227799
15550,3,0.0419292857082016
15550,4,0.020120682766745265
15600,0,0.08518029041392147
15600,1,0.03677573928556705
15600,2,0.013480796526911917
15600,3,0.10679577180300726
15600,4,0.02476785971778748
15650,0,0.06210748747131862
15650,1,0.019075114678554366
15650,2,0.011544127294862948
15650,3,0.1402073709724278
15650,4,0.011648819682697478
15700,0,0.0017093492913971564
15700,1,0.02316705635163865
15700,2,0.014692749062037382
15700,3,0.022101965410343042
15700,4,0.1812179126769757
15750,0,0.04470517307873889
15750,1,0.015082191485324683
15750,2,0.026392932292566493
15750,3,0.052917831352012154
15750,4,0.041603327691423914
15800,0,0.025680963280219852
15800,1,0.007702394108327605
15800,2,0.08354963719250968
15800,3,0.07684744628157791
15800,4,0.02673967090298608
15850,0,0.030085742055000066
15850,1,0.04386162189203677
15850,2,0.11439723281181235
15850,3,0.16190609932920996
15850,4,0.015585951206134334
15900,0,0.025377056566907044
15900,1,0.05132291763919896
15900,2,0.11364223191666026
15900,3,0.017681116339190797
15900,4,0.018461767927259842
15950,0,0.03339388978540836
15950,1,0.014549978522320916
15950,2,0.01967415817767051
15950,3,0.006063569493293532
15950,4,0.052495208114646044
16000,0,0.03649221663588005
16000,1,0.17070344167590765
16000,2,0.02159942128854381
16000,3,0.08160306366797758
16000,4,0.011054863183232984
16050,0,0.029538819797006104
16050,1,0.05464233706568562
16050,2,0.08064733024099434
16050,3,0.07540757587935047
16050,4,0.010093809984341883
16100,0,0.01815535389354886
16100,1,0.04777967010141446
16100,2,0.04102452772427734
16100,3,0.09548086195672932
16100,4,0.021868284683531986
16150,0,0.0431652058954895
16150,1,0.07698481993224379
16150,2,0.014565884799764136
16150,3,0.08427948667973721
16150,4,0.07965617913884648
16200,0,0.011935975033485952
16200,1,0.014331499398178823
16200,2,0.07788668050443542
16200,3,0.07724465596402122
16200,4,0.027542365094523028
16250,0,0.02384264823797892
16250,1,0.04327401067615527
16250,2,0.02524077801891216
16250,3,0.07073518837891082
16250,4,0.02256435241703161
16300,0,0.07069842643227642
16300,1,0.06118257002611119
16300,2,0.06186264523118939
16300,3,0.08781089055464589
16300,4,0.02342150454176674
16350,0,0.09135213120119309
16350,1,0.0189766138971103
16350,2,0.052635129666411956
16350,3,0.013697445017228577
16350,4,0.0448303677767649
16400,0,0.04088642806604657
16400,1,0.08491950600421556
16400,2,0.06776143814884687
16400,3,0.06965362068837484
16400,4,0.08740946745061429
16450,0,0.07196573403363578
16450,1,0.005135416244083822
16450,2,0.13884162515254567
16450,3,0.0049423552077931384
16450,4,0.07873653456306036
16500,0,0.03204866416872941
16500,1,0.029994280704827705
16500,2,0.07460259295091558
16500,3,0.07052348899480229
16500,4,0.03318036881952942
16550,0,0.005943273508766023
16550,1,0.12225348665784548
16550,2,0.0184576542388246
16550,3,0.13556386871139375
16550,4,0.014810384870083557
16600,0,0.03580212982491405
16600,1,0.12165254826759696
16600,2,0.05794163011169083
16600,3,0.027786012668247307
16600,4,0.0505986412861057
16650,0,0.020176394003884823
16650,1,0.0078105697615474924
16650,2,0.157258900781482
16650,3,0.023963031423423882
16650,4,0.06718984298240323
16700,0,0.005848290348469364
16700,1,0.0910057793494457
16700,2,0.032276190915286156
16700,3,0.028463957472565183
16700,4,0.004829337428674855
16750,0,0.07201556689355433
16750,1,0.036279978982904616
16750,2,0.025606969266197818
16750,3,0.0212649212319256
16750,4,0.07743036791207958
16800,0,0.01598858968139465
16800,1,0.011643533613126228
16800,2,0.06075353899156823
16800,3,0.12394908985143858
16800,4,0.013882633035559214
16850,0,0.1251786198797542
16850,1,0.04832413346351903
16850,2,0.0065857326851308
16850,3,0.10309084282806114
16850,4,0.015816506409444517
16900,0,0.043663163822609076
16900,1,0.025590757608949372
16900,2,0.013743794054044902
16900,3,0.04985426260612024
16900,4,0.033171712346515975
16950,0,0.04485668149785491
16950,1,0.03668537685509037
16950,2,0.008326764077359215
16950,3,0.03280316295725155
16950,4,0.032203532414938583
17000,0,0.04388657966850459
17000,1,0.01592032898529425
17000,2,0.02165344949424919
17000,3,0.07362494057722559
17000,4,0.05255674909086369
17050,0,0.0733069232746812
17050,1,0.031178227579514533
17050,2,0.031259268625481305
17050,3,0.04642644720415293
17050,4,0.029994280704827715
17100,0,0.09494704774241272
17100,1,0.060855012118970125
17100,2,0.06142952771265621
17100,3,0.02305281978413922
17100,4,0.05791938362931705
17150,0,0.011361007877824925
17150,1,0.0834031286883172
17150,2,0.03803554258847899
17150,3,0.018119240464213728
17150,4,0.029255544346328606
17200,0,0.012878349078977462
17200,1,0.05994359849058113
17200,2,0.02999211354673092
17200,3,0.05327806772021673
17200,4,0.07465189213944948
17250,0,0.04406271099240263
17250,1,0.02425998505770356
17250,2,0.029766203570492488
17250,3,0.04424160937398186
17250,4,0.04429588016960493
17300,0,0.03422202324527293
17300,1,0.002990819285747633
17300,2,0.04168273023687388
17300,3,0.09679083117733829
17300,4,0.042442571493725496
17350,0,0.008547331454904506
17350,1,0.020747093169887678
17350,2,0.013455667950718755
17350,3,0.016379617669530628
17350,4,0.014995228407730226
17400,0,0.12330317311407683
17400,1,0.06514739058473484
17400,2,0.017693219040072948
17400,3,0.04003760732111748
17400,4,0.016481049723849523
17450,0,0.025796026825850516
17450,1,0.06574300343002287
17450,2,0.15851998888152874
17450,3,0.008324174133209856
17450,4,0.11019793555235052
17500,0,0.057932865240724975
17500,1,0.04146428433001105
17500,2,0.05608540362696875
17500,3,0.04347047848827984
17500,4,0.0320646612332019
17550,0,0.023527045607130544
17550,1,0.022844419449835
17550,2,0.02372572443572589
17550,3,0.04881057134474048
17550,4,0.07969740820754462
17600,0,0.057126673936086975
17600,1,0.008498933756654422
17600,2,0.08779572882549583
17600,3,0.022118148656702707
17600,4,0.024996537260188655
17650,0,0.007701623205532713
17650,1,0.1001021852908317
17650,2,0.009414981412621053
17650,3,0.02469478689926276
17650,4,0.0453517020077527
17700,0,0.03614809815190836
17700,1,0.021754582850516794
17700,2,0.024184434560270376
17700,3,0.031059056650194643
17700,4,0.04585310104016957
17750,0,0.03298259957917205
17750,1,0.03991193430541798
17750,2,0.047932263403682486
17750,3,0.005709859893202287
17750,4,0.04116863946015221
17800,0,0.08361962987241695
17800,1,0.0024361855430159625
17800,2,0.060059236383757014
17800,3,0.05271873481031198
17800,4,0.016681876393259847
17850,0,0.009508022928032931
17850,1,0.07543846830364465
17850,2,0.02547802975114049
17850,3,0.07761235001596072
17850,4,0.03570073528654555
17900,0,0.009848445308778436
17900,1,0.08600171509917694
17900,2,0.022007896310188308
17900,3,0.015193316787324631
17900,4,0.050067223559929895
17950,0,0.015583865855428826
17950,1,0.02271974636742233
17950,2,0.007728195132112021
17950,3,0.05807919162660582
17950,4,0.03709793626335568
18000,0,0.04007636460558767
18000,1,0.06478539573082809
18000,2,0.025962123853799014
18000,3,0.09711519899068322
18000,4,0.0026677471769266325
18050,0,0.03619993093916065
18050,1,0.02496521329770687
18050,2,0.02138824151256947
18050,3,0.058003162629291165
18050,4,0.03445613152981628
18100,0,0.006087846499378903
18100,1,0.03135717621215277
18100,2,0.004608348402627556
18100,3,0.053643289421883886
18100,4,0.07256205533886151
18150,0,0.0353383909509191
18150,1,0.023597351546307047
18150,2,0.0345875971267158
18150,3,0.03585215300369002
18150,4,0.025871509426394115
18200,0,0.0150765546462048
18200,1,0.04257237220310844
18200,2,0.08630867207297305
18200,3,0.06312889096919096
18200,4,0.058036944052904785
18250,0,0.030900353962373946
18250,1,0.01527520458128138
18250,2,0.030708549298200327
18250,3,0.02478416833383764
18250,4,0.09569297257374755
18300,0,0.011512710367241951
18300,1,0.027615518734943223
18300,2,0.041890004774408886
18300,3,0.04687181322500764
18300,4,0.03892454238652009
18350,0,0.08533977311312703
18350,1,0.050665298775394586
18350,2,0.15621429992161412
18350,3,0.02508017145076963
18350,4,0.019300129533244063
18400,0,0.038815807024973725
18400,1,0.06023796041533942
18400,2,0.025315459703509242
18400,3,0.06599626409881093
18400,4,0.13632249218305834
18450,0,0.0348695784316358
18450,1,0.02726669213527742
18450,2,0.1248958065749207
18450,3,0.07270326677667242
18450,4,0.06440820502855207
18500,0,0.031045490815897882
18500,1,0.014156690114571277
18500,2,0.018731924620817787
18500,3,0.05591526513395066
18500,4,0.054632659646039576
18550,0,0.02001080957882513
18550,1,0.08266693338330629
18550,2,0.026199749521703453
18550,3,0.029785944671942153
18550,4,0.024533344655794473
18600,0,0.055328948119406716
18600,1,0.023259299215582573
18600,2,0.08032916655860435
18600,3,0.022828313012572803
18600,4,0.09783752794812427
18650,0,0.008353891308845235
18650,1,0.008106941470122992
18650,2,0.04118318831756472
18650,3,0.056533397209083416
18650,4,0.021055759307134967
18700,0,0.017114376266753058
18700,1,0.010467091286503609
18700,2,0.026854271075566368
18700,3,0.009908834442052218
18700,4,0.10376177041666164
18750,0,0.058455666962237286
18750,1,0.04853918520123714
18750,2,0.024349987166321044
18750,3,0.02905738933558898
18750,4,0.04753893141415781
18800,0,0.042534361109578214
18800,1,0.07610198749047228
18800,2,0.05120914835261372
18800,3,0.001786756838520569
18800,4,0.05769464338220664
18850,0,0.020056420418409653
18850,1,0.10661454813954803
18850,2,0.06297765476738557
18850,3,0.04961800958321485
18850,4,0.059944573357394074
18900,0,0.07114240560312815
18900,1,0.09218170575011075
18900,2,0.028720582776120673
18900,3,0.06368981472731729
18900,4,0.09778899158392013
18950,0,0.025036610693142947
18950,1,0.06602712984069502
18950,2,0.05562555617699477
18950,3,0.01704030149381166
18950,4,0.04905295607809992
19000,0,0.10349474322399181
19000,1,0.013244244032786462
19000,2,0.014593406045197257
19000,3,0.008260296604844166
19000,4,0.02135478576338336
19050,0,0.044507548517077423
19050,1,0.017600621437892483
19050,2,0.02898252706373271
19050,3,0.024794807924240898
19050,4,0.007254998277050109
19100,0,0.11002676946997947
19100,1,0.047135250874478236
19100,2,0.14415052896191535
19100,3,0.024906663265078295
19100,4,0.03865362208124874
19150,0,0.02084958033150788
19150,1,0.007102640354121841
19150,2,0.052132637330179254
19150,3,0.045245683495776706
19150,4,0.09061910670493281
19200,0,0.04320384097507998
19200,1,0.01930017810798646
19200,2,0.04324779618662667
19200,3,0.019282942591834894
19200,4,0.043946672228964055
19250,0,0.09103243927304155
19250,1,0.043117999431791836
19250,2,0.025809349081292243
19250,3,0.006060115510450273
19250,4,0.027578376946441205
19300,0,0.06159141072422356
19300,1,0.01476539450878304
19300,2,0.0486205974870733
19300,3,0.05708613557598729
19300,4,0.1435043967096479
19350,0,0.012573185753817525
19350,1,0.07410797865277395
19350,2,0.09090707824476596
19350,3,0.02729966803827475
19350,4,0.017317097764925866
19400,0,0.012651679730375731
19400,1,0.028932108028970154
19400,2,0.053659248969772214
19400,3,0.02398546434822558
19400,4,0.011765920066021184
19450,0,0.067966094488355
19450,1,0.02266554378346128
19450,2,0.053425853994110366
19450,3,0.0019524023663169369
19450,4,0.03084642402289122
19500,0,0.02277723644343185
19500,1,0.0801449468151299
19500,2,0.05564982030519058
19500,3,0.04732824209708197
19500,4,0.05552217462419857
19550,0,0.032614797255233696
19550,1,0.10957096729973685
19550,2,0.025573277068064622
19550,3,0.021298752897763756
19550,4,0.011343500341605318
19600,0,0.008278435842597314
19600,1,0.030430689689850927
19600,2,0.02081231606525327
19600,3,0.012252448734844816
19600,4,0.0104974699332744
19650,0,0.08224886017447293
19650,1,0.04181309603461575
19650,2,0.03268489712390112
19650,3,0.021519801927527116
19650,4,0.04179644123606698
19700,0,0.0028913664589601848
19700,1,0.11021742999634858
19700,2,0.05725969350249789
19700,3,0.05390470178936157
19700,4,0.06604736936472186
19750,0,0.019936696692280778
19750,1,0.06437023283319704
19750,2,0.09187696596536044
19750,3,0.02110667844545892
19750,4,0.09373241168347267
19800,0,0.02568725364845375
19800,1,0.03659146075247612
19800,2,0.02270137661024106
19800,3,0.020002046770268275
19800,4,0.05888329559391187
19850,0,0.023348929311640815
19850,1,0.016986685962835705
19850,2,0.0399318794949599
19850,3,0.058162079570799385
19850,4,0.05661879105032181
19900,0,0.06798957181068285
19900,1,0.05745735375041213
19900,2,0.04923582917957207
19900,3,0.061629984585427226
19900,4,0.0258547263570899
19950,0,0.019062331966472522
19950,1,0.05327208462224845
19950,2,0.09958324407248438
19950,3,0.01008488968705162
19950,4,0.04226999526851168
20000,0,0.03366530112742199
20000,1,0.025792186316789822
20000,2,0.04359842313662274
20000,3,0.03140862739757979
20000,4,0.07608450482851288
20050,0,0.029351522532911314
20050,1,0.0060304954191177425
20050,2,0.022183834204212768
20050,3,0.01503618552027075
20050,4,0.0895728893136757
20100,0,0.040347273761680603
20100,1,0.1281153069504187
20100,2,0.009245674664403894
20100,3,0.00496714203541635
20100,4,0.053268212847813835
20150,0,0.08477176342981195
20150,1,0.0714471614201712
20150,2,0.04532385547369067
20150,3,0.025303902861021254
20150,4,0.04070303274941563
20200,0,0.05037382132616107
20200,1,0.0573568816708161
20200,2,0.00714015931194816
20200,3,0.0571532752779751
20200,4,0.049108928668827614
20250,0,0.034642856406480106
20250,1,0.02816291888281468
20250,2,0.0644178934768904
20250,3,0.041413003694491905
20250,4,0.02374514424045471
20300,0,0.06354819037549378
20300,1,0.06793461470414033
20300,2,0.0394019352316609
20300,3,0.03804966327052054
20300,4,0.01770098867295271
20350,0,0.06954728607213942
20350,1,0.02838423858411566
20350,2,0.09333592555924006
20350,3,0.08029400662565046
20350,4,0.018054829686264002
20400,0,0.052615177230529234
20400,1,0.06098152896574502
20400,2,0.0034788647573597833
20400,3,0.044698461942219
20400,4,0.012163546974464305
20450,0,0.02390847130203016
20450,1,0.026972207918522353
20450,2,0.01813518679253125
20450,3,0.08535049428679368
20450,4,0.08965448956968076
20500,0,0.1185353823758965
20500,1,0.05677299093759284
20500,2,0.023117417675856438
20500,3,0.012541431337770024
20500,4,0.06669119132239279
20550,0,0.034606682880622935
20550,1,0.06694174239590722
20550,2,0.03856889938797838
20550,3,0.0259627136486154
20550,4,0.08897806962954412
20600,0,0.08069677812651506
20600,1,0.10138828827828195
20600,2,0.06046738790455561
20600,3,0.040408685638114984
20600,4,0.15543875602628837
20650,0,0.07493108083432401
20650,1,0.005584129296497361
20650,2,0.03663154378401215
20650,3,0.04189442086960983
20650,4,0.08661346243512032
20700,0,0.025502009724725605
20700,1,0.057470883932648875
20700,2,0.015133468703506148
20700,3,0.06269507556419406
20700,4,0.030326926979171494
20750,0,0.10262315467281251
20750,1,0.018559768317519484
20750,2,0.07332233629665656
20750,3,0.029494533391799922
20750,4,0.07026444691307261
20800,0,0.09585223980168643
20800,1,0.017648707459754658
20800,2,0.07284524692799114
20800,3,0.02594508623998
20800,4,0.028581057975519384
20850,0,0.029593612064092483
20850,1,0.07842988508852988
20850,2,0.03151749514158762
20850,3,0.020664583228316033
20850,4,0.15928231226347767
20900,0,0.05013418868397094
20900,1,0.018300683047361915
20900,2,0.010651848431140944
20900,3,0.081135207370167
20900,4,0.039792021813423874
20950,0,0.2024856414662531
20950,1,0.016758039115600604
20950,2,0.02312477026912916
20950,3,0.01909456729020064
20950,4,0.044383801943952465
21000,0,0.03722828225959398
21000,1,0.017823579887329032
21000,2,0.02783406186671287
21000,3,0.10922994953308367
21000,4,0.055603299137731044
21050,0,0.05357007093517799
21050,1,0.02898702295855854
21050,2,0.050631758808084085
21050,3,0.03673794870430303
21050,4,0.033816157380755135
21100,0,0.06105755481510867
21100,1,0.024566033460858092
21100,2,0.05309286675251205
21100,3,0.027007811370046264
21100,4,0.06116620799101411
21150,0,0.026651113954204612
21150,1,0.011954784607009862
21150,2,0.0452747998339032
21150,3,0.04019903605809473
21150,4,0.16781226117301443
21200,0,0.018246095472730598
21200,1,0.00916310536881465
21200,2,0.019904082495809758
21200,3,0.07837276312597381
21200,4,0.05254014536523477
21250,0,0.10795002315886736
21250,1,0.06774944187961995
21250,2,0.04104509714935513
21250,3,0.034431308427069686
21250,4,0.025800327032811033
21300,0,0.0730706678496919
21300,1,0.022385863284671424
21300,2,0.061585976488158424
21300,3,0.0075845237160945085
21300,4,0.024713407292399004
21350,0,0.025848053601770494
21350,1,0.129496512983941
21350,2,0.0509043895454999
21350,3,0.05302689765581238
21350,4,0.05531755485377134
21400,0,0.03394918077067545
21400,1,0.027941411918512644
21400,2,0.05162215488528158
21400,3,0.10295237976851239
21400,4,0.07932299083494013
21450,0,0.0678368999881333
21450,1,0.038512984823303426
21450,2,0.07563046261262721
21450,3,0.07740195007233346
21450,4,0.07971512952382377
21500,0,0.07065625856921663
21500,1,0.026384311152652808
21500,2,0.09040637422217529
21500,3,0.011321301824436974
21500,4,0.013461519230755486
21550,0,0.05238479621989572
21550,1,0.029794242312903337
21550,2,0.03767528201619731
21550,3,0.045477631864467176
21550,4,0.03816420934593039
21600,0,0.09484838888984884
21600,1,0.11056340658192473
21600,2,0.01007012909549823
21600,3,0.021639705982290976
21600,4,0.019510702191361542
21650,0,0.0188908708110558
21650,1,0.11488203732524943
21650,2,0.017266930097733068
21650,3,0.0057848941217623125
21650,4,0.016529575765880985
21700,0,0.03700374136489445
21700,1,0.045202682442527675
21700,2,0.0616404240332592
21700,3,0.035763983279271334
21700,4,0.0871159392706065
21750,0,0.059255268753082214
21750,1,0.06075888309539602
21750,2,0.04390392920912659
21750,3,0.0327818166061614
21750,4,0.035058691860935146
21800,0,0.026485975062285325
21800,1,0.006682813778641455
21800,2,0.11215006408825633
21800,3,0.01817448417424825
21800,4,0.06902533502272915
21850,0,0.026673488710703002
21850,1,0.011225974345240596
21850,2,0.07628756042108045
21850,3,0.016826244381917193
21850,4,0.054385309367512104
21900,0,0.02843847525800214
21900,1,0.04066991363403666
21900,2,0.06251957193551473
21900,3,0.04861504396789126
21900,4,0.09672542000425742
21950,0,0.07107040523312079
21950,1,0.05174876810127948
21950,2,0.07416788388514263
21950,3,0.04445975708435662
21950,4,0.015875137794677568
22000,0,0.05744364629791532
22000,1,0.02333671999232111
22000,2,0.03858272767703185
22000,3,0.05115967650405934
22000,4,0.039225406307647086
22050,0,0.03508122717351831
22050,1,0.06405912796003392
22050,2,0.025649987816761234
22050,3,0.03262072768961477
22050,4,0.03585948270680994
22100,0,0.06023057259399082
22100,1,0.02531333640593433
22100,2,0.025671226597106727
22100,3,0.0060220428427569415
22100,4,0.01712357658317909
22150,0,0.0292748185306075
22150,1,0.013021784631915855
22150,2,0.049284600789699
22150,3,0.006687067743039541
22150,4,0.02843434323138132
22200,0,0.059803407093576205
22200,1,0.03580365728525509
22200,2,0.019911601517708204
22200,3,0.07044318189150744
22200,4,0.08491694471658762
22250,0,0.08561049512180152
22250,1,0.04794207442320366
22250,2,0.0559272015659643
22250,3,0.05799752149876752
22250,4,0.03763067232989601
22300,0,0.030029527135804188
22300,1,0.03336460512279443
22300,2,0.010407779542246271
22300,3,0.020510667955968672
22300,4,0.027046938366476894
22350,0,0.0059785031571456095
22350,1,0.03213708916501305
22350,2,0.012802538810720323
22350,3,0.059230877715934604
22350,4,0.036774209712786506
22400,0,0.019604511598099044
22400,1,0.0996249466750171
22400,2,0.11790310640521733
22400,3,0.028364535515322652
22400,4,0.05814010556405965
22450,0,0.07580563963189019
22450,1,0.0932913313229048
22450,2,0.03337667598788112
22450,3,0.021999247146209332
22450,4,0.024780574549432867
22500,0,0.04281362954714303
22500,1,0.020245045690242342
22500,2,0.031287137932383656
22500,3,0.02975823415459996
22500,4,0.03167715067678908
22550,0,0.06816474528669494
22550,1,0.10287401275346461
22550,2,0.06101950507829442
22550,3,0.05159324083637313
22550,4,0.017085812828191684
22600,0,0.027027763503479157
22600,1,0.02429890686841694
22600,2,0.005292624585212906
22600,3,0.03329312053563019
22600,4,0.0061924853653440295
22650,0,0.016270371845781527
22650,1,0.038963733137367625
22650,2,0.01420270660824901
22650,3,0.045834341655575234
22650,4,0.04507965172891202
22700,0,0.08849119659604565
22700,1,0.10397127007014967
22700,2,0.15676987114876376
22700,3,0.024629656920062862
22700,4,0.08636399712843311
22750,0,0.07898202327112164
22750,1,0.04047588016337631
22750,2,0.08479137264486288
22750,3,0.040679632495881766
22750,4,0.0650704810186616
22800,0,0.025798255754992415
22800,1,0.03443962107805485
22800,2,0.045194717611685545
22800,3,0.04044684783762513
22800,4,0.07724063049975706
22850,0,0.01805110799923373
22850,1,0.0210771796025939
22850,2,0.022773723893996786
22850,3,0.036053987296830306
22850,4,0.019386722260351277
22900,0,0.04939033306225013
22900,1,0.04409773236800279
22900,2,0.029226785659733443
22900,3,0.03806661923523023
22900,4,0.027475853034983275
22950,0,0.017130437093080847
22950,1,0.01750962235457979
22950,2,0.03262455938399781
22950,3,0.014992227152761533
22950,4,0.13594363721778227
23000,0,0.007802723883362772
23000,1,0.014387733490720471
23000,2,0.014318934143294321
23000,3,0.04568792920455031
23000,4,0.05547866707122657
23050,0,0.0381951813060234
23050,1,0.1099700953668769
23050,2,0.07426363090369337
23050,3,0.06034453164952065
23050,4,0.08219140770177866
23100,0,0.031023579741867306
23100,1,0.04211563694163962
23100,2,0.02361253639488989
23100,3,0.03897633897635847
23100,4,0.04688573876990743
23150,0,0.048581400762020034
23150,1,0.009776758153907654
23150,2,0.05554571878191873
23150,3,0.04070604991890025
23150,4,0.007755965446029259
23200,0,0.10115165285352484
23200,1,0.08566971460206928
23200,2,0.08989556093044862
23200,3,0.020791750166832993
23200,4,0.03544766388635504
23250,0,0.04008085577928696
23250,1,0.12878179219128763
23250,2,0.04876643312771603
23250,3,0.041138386878923676
23250,4,0.040123372241126505
23300,0,0.029149185237326947
23300,1,0.01186578589896178
23300,2,0.1436373101774048
23300,3,0.07780543040173994
23300,4,0.024170953642750632
23350,0,0.09249628033061655
23350,1,0.06684897157024931
23350,2,0.011014620964881178
23350,3,0.04170068944274183
23350,4,0.014587216149766206
23400,0,0.08295505936951646
23400,1,0.044565625766951826
23400,2,0.06627267536473838
23400,3,0.026892656990338448
23400,4,0.011397889058944196
23450,0,0.003205074102107471
23450,1,0.02570257769174135
23450,2,0.07948919344791468
23450,3,0.06051819974189581
23450,4,0.05332154817707378
23500,0,0.053988627274639975
23500,1,0.07390701505946509
23500,2,0.17499677854177775
23500,3,0.08611859192416003
23500,4,0.05775021103857544
23550,0,0.03870493347107058
23550,1,0.0881709809120892
23550,2,0.04882439835778828
23550,3,0.058708916486339614
23550,4,0.1918250944871395
23600,0,0.06499124460263858
23600,1,0.07422089917940904
23600,2,0.028411441357312363
23600,3,0.10016941898603586
23600,4,0.10794603686564877
23650,0,0.02879835064721589
23650,1,0.00936145688448118
23650,2,0.10291751551606754
23650,3,0.06483279937655013
23650,4,0.12020643701566067
23700,0,0.06414656557447171
23700,1,0.06025728171764804
23700,2,0.0312992312205907
23700,3,0.09067069537617985
23700,4,0.1120803394891361
23750,0,0.022548226094307285
23750,1,0.046166025115879326
23750,2,0.06032836708381886
23750,3,0.027137105593633238
23750,4,0.029206762915461884
23800,0,0.07561025062780839
23800,1,0.03677732827435946
23800,2,0.010141098313299197
23800,3,0.08103105886016793
23800,4,0.033396444421524896
23850,0,0.035406876097729946
23850,1,0.09166137068034713
23850,2,0.08281857807883447
23850,3,0.11403526592681759
23850,4,0.05735401032185981
23900,0,0.00472069910076886
23900,1,0.004737813314177746
23900,2,0.013792457177747556
23900,3,0.0500950346840882
23900,4,0.024591805037450995
23950,0,0.01105359104544763
23950,1,0.004804164859785724
23950,2,0.06668789245432787
23950,3,0.024688357580041658
23950,4,0.06610553588770006
24000,0,0.0720960123723913
24000,1,0.013987583779909945
24000,2,0.028874588741660028
24000,3,0.08919238686681726
24000,4,0.03778560407086275
24050,0,0.06729863947361789
24050,1,0.04396807790886474
24050,2,0.06812681190251016
24050,3,0.03865464881485797
24050,4,0.043920553275203625
24100,0,0.05881791818825281
24100,1,0.011259301710141703
24100,2,0.017101096456075555
24100,3,0.02947722637902013
24100,4,0.02272867132060297
24150,0,0.017564025734437983
24150,1,0.009840858702369426
24150,2,0.034214543691243354
24150,3,0.045122943166420355
24150,4,0.026866010124318787
24200,0,0.021929361025802827
24200,1,0.0015706288549495134
24200,2,0.13597978480274192
24200,3,0.02835316340375444
24200,4,0.06799512390605668
24250,0,0.06107509209980776
24250,1,0.018032245423130203
24250,2,0.0621705064721207
24250,3,0.03965923599869266
24250,4,0.06029798400444248
24300,0,0.04663231175912256
24300,1,0.07127824001755374
24300,2,0.05711481856751362
24300,3,0.033072836285991565
24300,4,0.0710888704369397
24350,0,0.02815177614290081
24350,1,0.036753392700538554
24350,2,0.07737691435434732
24350,3,0.03117795695679882
24350,4,0.03324051556459376
24400,0,0.07407983868772934
24400,1,0.006829119635794944
24400,2,0.01856791587658668
24400,3,0.02245855905885327
24400,4,0.08284112429826142
24450,0,0.051159914728232295
24450,1,0.019433653156316247
24450,2,0.015220278414010694
24450,3,0.008277190042520468
24450,4,0.04764205075350975
24500,0,0.051082402791959566
24500,1,0.13060239995880626
24500,2,0.03346916491339452
24500,3,0.04129594411077195
24500,4,0.049521226509447444
24550,0,0.02619059945858438
24550,1,0.04231603567207118
24550,2,0.03166917862843936
24550,3,0.049755772278199044
24550,4,0.05746716453767316
24600,0,0.04634384398169838
24600,1,0.021721705734126878
24600,2,0.00867539624455275
24600,3,0.060303461758011864
24600,4,0.0564946181065064
24650,0,0.1323904901229692
24650,1,0.023478341082793737
24650,2,0.021613002452227692
24650,3,0.03995691429527561
24650,4,0.01865435605964463
24700,0,0.059309611362746255
24700,1,0.015637674859134268
24700,2,0.01702591774325249
24700,3,0.0018552290963651712
24700,4,0.12855645403868293
24750,0,0.044261410958079485
24750,1,0.044710031033315105
24750,2,0.021719044062757455
24750,3,0.05949829304274199
24750,4,0.04942865439196175
24800,0,0.1065278015355616
24800,1,0.03597856132476672
24800,2,0.04912241723490408
24800,3,0.06318973413458868
24800,4,0.002247776679298898
24850,0,0.08113055450938321
24850,1,0.013933233651956024
24850,2,0.023477116518005364
24850,3,0.048498112076657184
24850,4,0.031696174848079066
24900,0,0.10543935164349218
24900,1,0.056664384757976506
24900,2,0.08134769127025056
24900,3,0.03769365828624226
24900,4,0.024535726502388323
24950,0,0.015471667654134756
24950,1,0.03358253824534413
24950,2,0.06192172478217964
24950,3,0.031150040128385067
24950,4,0.04757943358216867
25000,0,0.017769127018511622
25000,1,0.0389082494466148
25000,2,0.05148807507569107
25000,3,0.023278678549264787
25000,4,0.09438584043700622
25050,0,0.06077690247947817
25050,1,0.009567751825794809
25050,2,0.04524828726040358
25050,3,0.018891598661839072
25050,4,0.05752212617767184
25100,0,0.017249692026236284
25100,1,0.027644212775913876
25100,2,0.09323889679205775
25100,3,0.0460518389969391
25100,4,0.011584769095670409
25150,0,0.02435302855909302
25150,1,0.024010349331069707
25150,2,0.07500048333177593
25150,3,0.013855030674812663
25150,4,0.018182735630262032
25200,0,0.04825698783596009
25200,1,0.00671528108123554
25200,2,0.014125420347727728
25200,3,0.036469473536095906
25200,4,0.036269891094405
25250,0,0.2252796415014015
25250,1,0.0998202509513976
25250,2,0.023951552663658362
25250,3,0.023825026232934136
25250,4,0.053341400431559736
25300,0,0.05398967493882511
25300,1,0.046759724924340614
25300,2,0.05107315219369175
25300,3,0.05031224378816751
25300,4,0.052022320930539045
25350,0,0.09498168244456401
25350,1,0.14658663607232414
25350,2,0.060233337945028415
25350,3,0.08404425545508748
25350,4,0.06983947218443162
25400,0,0.005171315113198968
25400,1,0.029237475951251337
25400,2,0.1087165695742834
25400,3,0.00609030992643233
25400,4,0.08590836688006588
25450,0,0.015116609242816334
25450,1,0.027636061133960464
25450,2,0.04314321354512203
25450,3,0.018669426879259043
25450,4,0.02320802662873343
25500,0,0.041613369245952686
25500,1,0.08687837763218186
25500,2,0.03275243311572439
25500,3,0.042894951626036376
25500,4,0.06275302283555749
25550,0,0.030872348064246755
25550,1,0.03303697738898037
25550,2,0.12403290642003033
25550,3,0.07098001039025001
25550,4,0.11929205757300022
25600,0,0.0508738144825017
25600,1,0.03500121426465089
25600,2,0.040747292854863386
25600,3,0.049551204576680045
25600,4,0.03519879259292854
25650,0,0.0348938658649339
25650,1,0.05944533202867992
25650,2,0.020509753777166614
25650,3,0.07423026252816299
25650,4,0.04086027257618334
25700,0,0.07198605333674017
25700,1,0.03769127883211181
25700,2,0.08143655505975188
25700,3,0.05336981239427398
25700,4,0.07884486349788425
25750,0,0.026398709722257253
25750,1,0.04417790030094232
25750,2,0.009139030309611612
25750,3,0.0715372105970033
25750,4,0.043540462503285374
25800,0,0.020015244190366502
25800,1,0.013217294541622357
25800,2,0.05125131095884279
25800,3,0.019956499567809975
25800,4,0.035043999129665555
25850,0,0.006520352751193749
25850,1,0.014714342492955642
25850,2,0.057097854600676554
25850,3,0.01314712421025983
25850,4,0.042159007044758535
25900,0,0.061474750914501476
25900,1,0.03543127149849409
25900,2,0.04026259895982872
25900,3,0.13091918308636055
25900,4,0.03486232744668664
25950,0,0.04816453570834043
25950,1,0.06545781084026567
25950,2,0.10013278683827789
25950,3,0.057996314538080775
25950,4,0.07347259267917527
26000,0,0.02391823310781965
26000,1,0.047084445414595257
26000,2,0.0740862504112605
26000,3,0.029716945923159734
26000,4,0.04425505620830235
26050,0,0.0164537799608479
26050,1,0.016354586512657542
26050,2,0.04135785143113699
26050,3,0.021044996436207823
26050,4,0.010832214685834108
26100,0,0.022162623378111177
26100,1,0.04666478865268757
26100,2,0.06257852566975351
26100,3,0.027885334407175392
26100,4,0.05424698148284381
26150,0,0.08743354619366642
26150,1,0.007566827274360105
26150,2,0.03992063219689787
26150,3,0.029998031185396144
26150,4,0.050431884755578985
26200,0,0.028811575364773082
26200,1,0.030701984870688752
26200,2,0.01789153081768019
26200,3,0.02200164766557269
26200,4,0.14787130172890206
26250,0,0.06312425742137487
26250,1,0.14059232731554022
26250,2,0.03697979177875397
26250,3,0.010257283997238256
26250,4,0.0021729875747458815
26300,0,0.11486205857462244
26300,1,0.0614829397068813
26300,2,0.01495850510579183
26300,3,0.048823169448531295
26300,4,0.059366783642033356
26350,0,0.029942810071868678
26350,1,0.08099547441061136
26350,2,0.14214210099404045
26350,3,0.04654376972270295
26350,4,0.04152652766605943
26400,0,0.021008926674154493
26400,1,0.02072104908058471
26400,2,0.027925525957446178
26400,3,0.019949357759085882
26400,4,0.026990496012485567
26450,0,0.11391196161948929
26450,1,0.02875486915289305
26450,2,0.06639834335282768
26450,3,0.02295281845438594
26450,4,0.013188441909490301
26500,0,0.026473760594218586
26500,1,0.08884908553271666
26500,2,0.05327566869594411
26500,3,0.023756946352593383
26500,4,0.030243129385035556
26550,0,0.02354299258802925
26550,1,0.03847066252353864
26550,2,0.017615689029952832
26550,3,0.038322537429037774
26550,4,0.03324374941248355
26600,0,0.06118600227993328
26600,1,0.017493212969606264
26600,2,0.015594931067497528
26600,3,0.017260793724507575
26600,4,0.05852924482683848
26650,0,0.08815631004074526
26650,1,0.005839681070058534
26650,2,0.03155744761542035
26650,3,0.047859638527677995
26650,4,0.04330908536323529
26700,0,0.04926689431047994
26700,1,0.010807954246757324
26700,2,0.045161398062947514
26700,3,0.005032084558113069
26700,4,0.0745605584407735
26750,0,0.0514498299316917
26750,1,0.05632141577588406
26750,2,0.07450075502973107
26750,3,0.10094150224263555
26750,4,0.020595554738826526
26800,0,0.06077369908109921
26800,1,0.11130389424903336
26800,2,0.05049391052394338
26800,3,0.01862127479524428
26800,4,0.045267503520737704
26850,0,0.03286183196354092
26850,1,0.05108837318803565
26850,2,0.03021282840119409
26850,3,0.04828058616048484
26850,4,0.03564719484054812
26900,0,0.019037380991092253
26900,1,0.06905531749981315
26900,2,0.026789830159969278
26900,3,0.049659358382886896
26900,4,0.027904927880215
26950,0,0.03516108466756963
26950,1,0.03829572430441813
26950,2,0.10741189412723343
26950,3,0.0437171876954591
26950,4,0.024835596932628767
27000,0,0.05953784510712492
27000,1,0.02977569268715674
27000,2,0.07513738666602665
27000,3,0.023648520038260318
27000,4,0.03204879092883224
27050,0,0.009224559610084386
27050,1,0.09711700417537598
27050,2,0.05302619046282695
27050,3,0.01160180481649298
27050,4,0.09759332392638341
27100,0,0.21547868804130027
27100,1,0.009079785239750986
27100,2,0.030447988439304175
27100,3,0.03706969786766544
27100,4,0.059920280373175816
27150,0,0.017013579135502332
27150,1,0.17025778983647125
27150,2,0.04722395446169241
27150,3,0.006782514283066415
27150,4,0.01887079423341794
27200,0,0.10581416197749711
27200,1,0.06786460786006207
27200,2,0.0057229253882957465
27200,3,0.04153494763449209
27200,4,0.011161625105691379
27250,0,0.025800036337183717
27250,1,0.07881454101242993
27250,2,0.020703668153252443
27250,3,0.06494510662859827
27250,4,0.026304942501362727
27300,0,0.03672481279734452
27300,1,0.032704462615979486
27300,2,0.05471163039062169
27300,3,0.04987050105022005
27300,4,0.012062415802814948
27350,0,0.02358246170356266
27350,1,0.032839343781506956
27350,2,0.047037132937712105
27350,3,0.0374727901283051
27350,4,0.010879883960778273
27400,0,0.018795345168418687
27400,1,0.019363028559602955
27400,2,0.027127569002769126
27400,3,0.034599738077043314
27400,4,0.04757339067167695
27450,0,0.02566304492845695
27450,1,0.025657004404255765
27450,2,0.046117912734641414
27450,3,0.021840487059587285
27450,4,0.05900597427379708
27500,0,0.028847562722004786
27500,1,0.011605278971226846
27500,2,0.03170373597858775
27500,3,0.03928654349774232
27500,4,0.13236950885683607
27550,0,0.06493323494174613
27550,1,0.042874956268199274
27550,2,0.014283294437908916
27550,3,0.015333684325692896
27550,4,0.02329667358229496
27600,0,0.09448193941172041
27600,1,0.004830631428705762
27600,2,0.010406007880066202
27600,3,0.06285584201170166
27600,4,0.024622284114192188
27650,0,0.026341732573997488
27650,1,0.11067380844174468
27650,2,0.05569948383961919
27650,3,0.06201560287540548
27650,4,0.04626086358899928
27700,0,0.05790185661962836
27700,1,0.10862779052802281
27700,2,0.045929368327901045
27700,3,0.05645265715624021
27700,4,0.06471951019592159
27750,0,0.03849794637380026
27750,1,0.011041512577541174
27750,2,0.028908422215679627
27750,3,0.05813804154768201
27750,4,0.026858180783515484
27800,0,0.03323344512685979
27800,1,0.03472499100071876
27800,2,0.014621644914304264
27800,3,0.019525416128728205
27800,4,0.13082391553152656
27850,0,0.1254709030014529
27850,1,0.09335409404519975
27850,2,0.022711505894590072
27850,3,0.030623765281232167
27850,4,0.05485079762410024
27900,0,0.04009906482700065
27900,1,0.0205015243335709
27900,2,0.03867805417804778
27900,3,0.017626595672449046
27900,4,0.0036471735631856007
27950,0,0.03619920579239273
27950,1,0.1478528406896533
27950,2,0.026188010138229283
27950,3,0.03849691546085219
27950,4,0.0439852532105932
28000,0,0.032198058947706755
28000,1,0.10281114664762765
28000,2,0.019498076828241295
28000,3,0.010451883801497239
28000,4,0.050484155930351056
28050,0,0.07968266357872332
28050,1,0.044629103452791884
28050,2,0.015513461896043714
28050,3,0.024423247122362747
28050,4,0.007916122788335197
28100,0,0.22919394080123495
28100,1,0.01568349052347723
28100,2,0.043667629601341997
28100,3,0.02493254650050813
28100,4,0.03198463498306649
28150,0,0.022442704828072767
28150,1,0.016642716124479196
28150,2,0.03134541433766666
28150,3,0.0726004648745447
28150,4,0.07017928825515402
28200,0,0.0069967849759728995
28200,1,0.025805280467377203
28200,2,0.03727147032248662
28200,3,0.0667214545704753
28200,4,0.008380445990518638
28250,0,0.03281778290805153
28250,1,0.007398775236483391
28250,2,0.02174780161303665
28250,3,0.03796409487924084
28250,4,0.04419471122204556
28300,0,0.030275608994700668
28300,1,0.04266886306195653
28300,2,0.02802430864446078
28300,3,0.01918971078468875
28300,4,0.057109215543553034
28350,0,0.03583569275178032
28350,1,0.015479744829938254
28350,2,0.019348191129922185
28350,3,0.04984322295959603
28350,4,0.09306667972480806
28400,0,0.06231921854452286
28400,1,0.01780301940683096
28400,2,0.06683095745984789
28400,3,0.017701889023491235
28400,4,0.013057277664199372
28450,0,0.05205134484333714
28450,1,0.051176770853581605
28450,2,0.009767804256843003
28450,3,0.05010650531617627
28450,4,0.02868896782737226
28500,0,0.013375911183915656
28500,1,0.01777967589693356
28500,2,0.04411910017214767
28500,3,0.019735295158674462
28500,4,0.009722236111101196
28550,0,0.013498032264000547
28550,1,0.012294383880455333
28550,2,0.015495886550952794
28550,3,0.07772648760236114
28550,4,0.024410550997468285
28600,0,0.04463950044523349
28600,1,0.09231783413837218
28600,2,0.11447782536369216
28600,3,0.1024986585278071
28600,4,0.05065507748488794
28650,0,0.032018549311297655
28650,1,0.02129336751197424
28650,2,0.023853445767854992
28650,3,0.051073103244271355
28650,4,0.013721037679417687
28700,0,0.05507219693275365
28700,1,0.012635935857703617
28700,2,0.030174606459736984
28700,3,0.07552787564866364
28700,4,0.03753638235099382
28750,0,0.10646978444610472
28750,1,0.023056601549230976
28750,2,0.02188336982733692
28750,3,0.10556323637990642
28750,4,0.03504447174662501
28800,0,0.16441902262207983
28800,1,0.006442243398071822
28800,2,0.008058070488646768
28800,3,0.03301488300751648
28800,4,0.0726767672643741
28850,0,0.029536534580075578
28850,1,0.03725502482887375
28850,2,0.04654602560906784
28850,3,0.012211137334417295
28850,4,0.047200973242084734
28900,0,0.056844238934125955
28900,1,0.11338424714218459
28900,2,0.06893969738111708
28900,3,0.009740476117726491
28900,4,0.02390956921401973
28950,0,0.054095904419835694
28950,1,0.06429270954004039
28950,2,0.05199266174182662
28950,3,0.023774079898073872
28950,4,0.011396161634515367
29000,0,0.066948613689904
29000,1,0.03964470330321568
29000,2,0.051409355909211696
29000,3,0.025911327156284362
29000,4,0.059317134961156044
29050,0,0.03504449849833779
29050,1,0.07226169455527598
29050,2,0.06322489126127462
29050,3,0.02925545889231615
29050,4,0.017710801788738996
29100,0,0.018357627842398385
29100,1,0.052554323085736716
29100,2,0.06367512760097149
29100,3,0.04291008040076364
29100,4,0.012038973170499215
29150,0,0.11196723572099117
29150,1,0.04629757013062348
29150,2,0.047123269198984914
29150,3,0.07302391303538862
29150,4,0.04919138644112402
29200,0,0.03745746754653871
29200,1,0.00926967502127231
29200,2,0.015234233653190427
29200,3,0.08886652913217664
29200,4,0.004504719747109699
29250,0,0.026656378223607193
29250,1,0.04659471536558626
29250,2,0.010582857600856213
29250,3,0.039200605862664925
29250,4,0.03403843415905026
29300,0,0.029878368010987477
29300,1,0.01721284041057721
29300,2,0.04002255614025671
29300,3,0.042782414611613494
29300,4,0.025555955763774507
29350,0,0.06853650031187762
29350,1,0.12173915506113883
29350,2,0.0314070354379397
29350,3,0.037906752366827744
29350,4,0.07941971968598227
29400,0,0.05878351703496482
29400,1,0.014293530004865827
29400,2,0.043993088945878764
29400,3,0.02633310653910777
29400,4,0.0753183078673439
29450,0,0.13863921478066732
29450,1,0.14286224133759065
29450,2,0.03072575263520814
29450,3,0.04703862110011304
29450,4,0.07460353125020289
29500,0,0.01700183813591929
29500,1,0.07000480340662346
29500,2,0.05921642508628835
29500,3,0.11370358393647932
29500,4,0.01670112271675171
29550,0,0.024783802674327463
29550,1,0.08206754458980725
29550,2,0.04903480269155776
29550,3,0.00857088093488644
29550,4,0.05480074702957982
29600,0,0.007021039809031142
29600,1,0.03745179401577447
29600,2,0.030055979022484008
29600,3,0.05494039383732154
29600,4,0.11934716167550866
29650,0,0.10897217534765469
29650,1,0.02238649146248693
29650,2,0.012498874949370442
29650,3,0.04080998652290882
29650,4,0.06065201975202475
29700,0,0.023540855443250155
29700,1,0.043059457439684506
29700,2,0.07164207475359713
29700,3,0.009592444943808646
29700,4,0.023955727394508398
29750,0,0.055041825006080604
29750,1,0.028069378332980587
29750,2,0.038062998765205046
29750,3,0.008421104440630097
29750,4,0.008222948072315665
29800,0,0.024629961429121237
29800,1,0.003206633748964808
29800,2,0.06158970591746643
29800,3,0.06705894328872174
29800,4,0.09784729173564284
29850,0,0.05359883394254019
29850,1,0.1560426604329726
29850,2,0.03545619656703183
29850,3,0.03150162694211205
29850,4,0.06630312963955774
29900,0,0.10316972666436604
29900,1,0.0029986455275674132
29900,2,0.018545417223670105
29900,3,0.026729513182996816
29900,4,0.031963993414465604
29950,0,0.033156673536408936
29950,1,0.03200882690758909
29950,2,0.07665900142840369
29950,3,0.0468544221498889
29950,4,0.020367928220611932
30000,0,0.07120229543350412
30000,1,0.010418013246296048
30000,2,0.041326043543992934
30000,3,0.04958625691660947
30000,4,0.022884601809950736
