round,slot_0_std,slot_1_std,slot_2_std,slot_3_std
50,0.09904752394684078,0.08109934648318691,0.07468872471799208,0.06350424867676178
100,0.0764905850415592,0.07629556736796705,0.05758644284899007,0.0686546895703418
150,0.12954500376317105,0.05470094697534953,0.06675925104433092,0.08511914003324987
200,0.10105722339348137,0.0828306609897567,0.06642678977641474,0.05234092089369464
250,0.056339378768318,0.07561424733474507,0.056569094035524375,0.05712450962590403
300,0.05215276023375944,0.06296308759900518,0.07943602709098688,0.07691561609972321
350,0.03681436676081773,0.018438655048565785,0.026746109997530482,0.03533104017715867
400,0.04372343078945203,0.07581233672694702,0.05920462819746443,0.0272857178758412
450,0.08334174464216598,0.09444246078962577,0.03878301690173162,0.054866179017679
500,0.045756721910556485,0.049961248983587274,0.04457239504446669,0.04301262140349041
550,0.055900790692082335,0.04279236380477245,0.05545444977637052,0.04674672181019757
600,0.04547001649438892,0.05970124286813467,0.06464957849823925,0.04018862525640807
650,0.05609290151168862,0.0655494744448802,0.07325105869542092,0.06553407052823744
700,0.036461234208402755,0.01936388390793542,0.02856932620836552,0.027830026949322212
750,0.06068507559524006,0.05743088367768685,0.05482311921078552,0.05635841019759162
800,0.08905705137719301,0.05887432717237625,0.09133615713396312,0.05926426916785527
850,0.04193044717147672,0.05377290767663582,0.04780517126838896,0.041700618700446154
900,0.06539135722708314,0.05386809816579754,0.057682281508276,0.05744424775380037
950,0.014960561486789186,0.013837832200167774,0.013462451485520752,0.0110864962905329
1000,0.04841166801505604,0.059621157318522425,0.04718400576466565,0.059114749428547865
1050,0.03234251690886163,0.032702048865476306,0.02222184510791126,0.0327660433986162
1100,0.02515468942364426,0.041679184253053704,0.037990072387401416,0.024987308778658023
1150,0.056364577528799066,0.05249435779205227,0.05206202454764894,0.05865297946396245
1200,0.0495380015745488,0.008157205403813253,0.010500857107874583,0.04314666151627493
1250,0.0493506393069026,0.05882504228642763,0.0468751362664686,0.061026702352330986
1300,0.027774635911205034,0.026610854928017635,0.028699588847229156,0.023012309749349365
1350,0.06887530762181755,0.05583212695214109,0.06126139404225143,0.061456273886398294
1400,0.03713535242864944,0.035956251195028655,0.03439677891896275,0.030329352119687625
1450,0.09635225788739982,0.10754915899252769,0.10168332409987393,0.1101593572966001
1500,0.04561122668817404,0.0329595266956308,0.03580700490127596,0.032645943086392834
1550,0.05027931582668961,0.044227385181581785,0.053270216819532465,0.04827946147172729
1600,0.04067910520156509,0.039373016140499054,0.037220080601739695,0.04465407484205668
1650,0.031107388189946128,0.0273709627159879,0.02342166518418363,0.025675903099988517
1700,0.031617868365846555,0.041062956542363103,0.03733702719821169,0.03727114701749865
1750,0.0757578141184129,0.06703291728695687,0.06130916407846384,0.07736486024029256
1800,0.050871036946380406,0.051316858828264214,0.04476790814858339,0.052435598594847754
1850,0.0348139397368353,0.03565975883261132,0.03307715828181133,0.04235575993887962
1900,0.06496778894190566,0.08302422297137142,0.06305697740932403,0.08061916893642602
1950,0.07447524689452194,0.06321685218357523,0.07403133390666414,0.07445271250935052
2000,0.07613711315777606,0.06559911584770026,0.07570866793175005,0.06537805748108458
2050,0.03538494595163316,0.04323427344133355,0.0369402544658263,0.042087290243017536
2100,0.0452519436046674,0.04672932269999212,0.04968426712753244,0.046361389107747834
2150,0.020761830362470455,0.01426598752277598,0.013294871191553523,0.016813042556301342
2200,0.053502261634439344,0.040902205319517916,0.053505715582543134,0.044354778772980046
2250,0.06835327058744153,0.059616997576194666,0.06412174046296623,0.06467492249705445
2300,0.13141038923920742,0.06758587426378385,0.12330346953756004,0.07380578839088435
2350,0.046699832976146716,0.028878684180550885,0.04205149224462789,0.03955444854880422
2400,0.06335307411641522,0.0599719401053526,0.05215068168298473,0.07113668533183141
2450,0.05051782259757441,0.06348276616531451,0.046473028737107284,0.06219538889660552
2500,0.0462270743179795,0.06254781850712303,0.05294632754025534,0.05254409196094267
2550,0.059799418057369096,0.06333354877156341,0.05224067380882449,0.06220378123554869
2600,0.07927485351610558,0.050510450403852075,0.06791719664414896,0.05115071847002738
2650,0.03307585221880157,0.03049009019337267,0.02962805427293531,0.03764904248450417
2700,0.018767994032394625,0.011048619823308242,0.014097290519812665,0.021941886883310655
2750,0.03506367921368206,0.05999456642063512,0.05661757324364936,0.03772230109630112
2800,0.0426520995966201,0.029136890705770222,0.03556687222683491,0.059756472452781206
2850,0.018138687934908627,0.01980874554331999,0.012313634719285765,0.017856875426568886
2900,0.03949845566601307,0.051006532914911994,0.0527931662244272,0.0360858420990837
2950,0.029466021109067313,0.04536152554753862,0.039607908301247115,0.0333166384858977
3000,0.08886442707855605,0.06565739562303702,0.08485542056934252,0.07399316184621388
3050,0.02784557415461208,0.032062626218075145,0.026429150572805,0.027887172678491445
3100,0.03663645179326186,0.05512465872910236,0.0473463578324669,0.042646059606955486
3150,0.051885103835301316,0.0733910457753533,0.06508764552509178,0.06463096471506517
3200,0.06883099883046885,0.04218527705254524,0.0641950901549332,0.049247757309343554
3250,0.0614481374819449,0.05973796113025621,0.061797831677171344,0.06681267544411015
3300,0.062385235432752824,0.05365148273813129,0.07048680443884515,0.04908365919529635
3350,0.0387870287596253,0.03196344161694732,0.028798749972872097,0.03960641362203855
3400,0.040100593511817266,0.0375421150176705,0.03553531201495211,0.03851604341050621
3450,0.06588178503956917,0.04731650874694793,0.03987798390089448,0.04732037193429486
3500,0.027750935119379313,0.023829678973918206,0.017242552015290548,0.02131669768045698
3550,0.06869086110975753,0.061178081042151035,0.06090670242263983,0.06719171377483983
3600,0.0887976891591217,0.0721880156258641,0.0729636457422462,0.07541468292050295
3650,0.06073393120818049,0.053758288663237785,0.06814113001704625,0.06328486074883943
3700,0.039806964214820495,0.03286570248754771,0.03866499191775423,0.03858158109772072
3750,0.040272918940647946,0.049915127967380804,0.04323125721049528,0.02402926549023086
3800,0.027966050847411387,0.020692356076580553,0.020117912416550594,0.0282295873154391
3850,0.06516632872887655,0.06683090901671172,0.05319851877637197,0.08938278133958465
3900,0.02350773489726308,0.032841705193244766,0.04168945190332922,0.024013962605117883
3950,0.07040697124575095,0.05582123610240102,0.05746078314816115,0.08156403619242983
4000,0.12219493606528872,0.08008666805405254,0.09029481491204247,0.08192198728058298
4050,0.025454587012953084,0.023948862185916065,0.012654801460315364,0.01094696304917488
4100,0.06117812027187498,0.05662785886822846,0.07478803647643117,0.05169683162438488
4150,0.06495523381529776,0.03565234354148406,0.038326773931548166,0.04214152346557964
4200,0.03026566371319156,0.031759256918259274,0.024083106111961548,0.03850416081412501
4250,0.016918676071135105,0.015141386990629366,0.02025286152621402,0.014910613669463777
4300,0.051257389711143096,0.06429255011274633,0.047121757182855564,0.05226218518202238
4350,0.08053180738068653,0.07844063742729272,0.06877343673250595,0.07654450731437233
4400,0.04638202237936591,0.04044856486947342,0.04691777488329982,0.041772976910916935
4450,0.04306336726267467,0.06465074168174716,0.055542106549896005,0.038134236586039066
4500,0.048430940523595034,0.05109782774247846,0.04661577415424955,0.06528628033515158
4550,0.02904096417132186,0.031137796967672576,0.026942724435364742,0.03631146375457756
4600,0.04000346984950179,0.02976460985801763,0.03447499963741843,0.052494929278931304
4650,0.08083792674234042,0.06054548703247831,0.07289527831073836,0.06783831955465877
4700,0.04223972537789517,0.030834526103055326,0.03479922987653607,0.053722524140252394
4750,0.09221894816142724,0.06014866249552021,0.06907096640412672,0.07318919045870094
4800,0.06950675938353047,0.053689961817829604,0.04416505405861064,0.061248608147451
4850,0.018539514556751478,0.015641662315751478,0.020333165026625837,0.014785452309618391
4900,0.028255972819918967,0.025250695039938993,0.02341464498983489,0.019487472899275583
4950,0.06201833922316851,0.04845927774946712,0.06276311018424756,0.05734259847617651
5000,0.04043417366535392,0.031927605610192575,0.01638089130664141,0.049800859430335145
5050,0.07577779622026495,0.060742690095187596,0.06604039369961388,0.07188247630681625
5100,0.043581023393215554,0.11010128791253987,0.0906532293964203,0.04493678226130571
5150,0.08182846448516554,0.07641309835361998,0.06845418906100634,0.06549754193861018
5200,0.03730129220281786,0.04320419424083731,0.016631945165854773,0.04484799215126581
5250,0.07216141351165456,0.07486796377623743,0.08388977530068847,0.06906760166677282
5300,0.05759800690996173,0.07918026521804535,0.0985398477774347,0.059505260271676824
5350,0.07426235654758069,0.08852261631922095,0.06941462093824327,0.08703520207364375
5400,0.04494481060144762,0.06509108694744621,0.06646991499919344,0.051487730577293854
5450,0.04367798530152234,0.04131491740279774,0.04205933903427395,0.04580669820015409
5500,0.06860319526086231,0.07613938271354713,0.07878721723731585,0.06689219386445626
5550,0.033589367365283916,0.04705016896887833,0.02660341331483612,0.03764980743642655
5600,0.04620655364772403,0.03625490863317683,0.03720272033064249,0.036554233680929485
5650,0.06451681951243414,0.06195688823690227,0.08812460269413983,0.0639809846751361
5700,0.07083748725074882,0.04114192994986988,0.0566274279832662,0.05774015587093614
5750,0.045220995123946575,0.04594501061051134,0.03319945782689831,0.047649956977944906
5800,0.03540175136910602,0.048142014914209795,0.04042664467897379,0.05006410290817164
5850,0.06408181021163495,0.0832846060205606,0.0747144591093317,0.07258048222490673
5900,0.036463625711111065,0.04496209959510342,0.04294967287419078,0.03571696515663111
5950,0.032391146938631245,0.037951632375959804,0.037594180400695,0.035442200834598286
6000,0.05070088756619551,0.06532949104347899,0.060805308978739675,0.04615259039317295
6050,0.05062764462228122,0.036111549399049606,0.037608371408504246,0.06650918733528476
6100,0.04062135399023523,0.04577545193660025,0.04365901510570296,0.032281945418453334
6150,0.05057344757874432,0.05489446602345267,0.057916125561021436,0.06033710632769855
6200,0.03941253607673578,0.04004722212588533,0.04024443315540673,0.043232487784072765
6250,0.041142114675840384,0.03310160116973195,0.036404417314386435,0.04969585093345319
6300,0.05536476858074998,0.06315134202849533,0.04871141139404605,0.051268235780061705
6350,0.049020852705761855,0.0797467842611851,0.07072709806007878,0.06573005400880179
6400,0.031057520828295365,0.038810874764684186,0.04079815682111143,0.04203306317650427
6450,0.05536628577031333,0.0696619436995552,0.04863685845117877,0.10017026305246485
6500,0.04728779969505877,0.020706945694621403,0.0308766967145127,0.04130469222739712
6550,0.03483293843476315,0.062340048123176804,0.045592780130191676,0.04410607214432045
6600,0.03855922198385232,0.06499041775523527,0.050128379187841285,0.052556369737644555
6650,0.055467554480074205,0.03480221832010138,0.05907156337866807,0.043464422232442006
6700,0.05942513273018413,0.05883426212675741,0.06444310358758337,0.05959931543231013
6750,0.05922538644871809,0.06547660956402676,0.07078464805309129,0.0625412695745777
6800,0.02819564505380218,0.04621051828317877,0.0450987095159052,0.04581617181738343
6850,0.04350832564004275,0.039403268899927575,0.03204043695082825,0.04531670773566854
6900,0.061485269780655605,0.06640871629537798,0.05443555455766019,0.060672319883122994
6950,0.04696418209657228,0.06008125830906007,0.07766312896091683,0.05004062349731466
7000,0.025488852465342576,0.020342762840872903,0.024870705659470138,0.02666042760347253
7050,0.06409097908442342,0.09655319777200547,0.09159922707097477,0.052658583345927566
7100,0.06329023937385607,0.05182869475493282,0.06593531982177685,0.061192404757453356
7150,0.04689479288791028,0.07655589853172647,0.06348356007660566,0.029145318663552116
7200,0.061040740493542495,0.04829973084811136,0.040618616421537544,0.058257737683504326
7250,0.07630896670772054,0.06964850034279273,0.06331412480639688,0.060705235359069326
7300,0.03612906862901395,0.06995205215002631,0.07462558810488532,0.028614793376853173
7350,0.05197464766595345,0.06643055321160588,0.08142266514920767,0.04390298395325766
7400,0.0349114651654725,0.056242105223755626,0.03974631555251379,0.06794978734330225
7450,0.025598328070403353,0.04052778799786635,0.029552732530173906,0.044925200055202855
7500,0.032123984808862055,0.04613114349330611,0.041192455619931186,0.029423188134530903
7550,0.039335561518808904,0.03231478918390154,0.027558374407791186,0.04836479711525729
7600,0.0476122253208144,0.036091738666902705,0.02759453569096605,0.051179738178306455
7650,0.06919321932097104,0.023274226088100113,0.0442657248895802,0.06156319030069836
7700,0.0706481988446981,0.06688884510888193,0.05839580806873042,0.07676820696095486
7750,0.04350800386135865,0.025470846079390437,0.028771555397649265,0.038856989075325955
7800,0.0277977984739799,0.037679246276962605,0.030885426984259102,0.02740172257359016
7850,0.06121409641577667,0.06851927028216223,0.08461585194276544,0.06451910104767425
7900,0.07398603652041377,0.05188689237177342,0.07734578462980385,0.05856977377453323
7950,0.02522589146095732,0.03352798234311155,0.030215029372813788,0.03860236262199503
8000,0.028645837393939107,0.021367451883647692,0.02085061150182411,0.05500111271601694
8050,0.05669505798568336,0.07856196026067576,0.07206464875374055,0.04625371768841937
8100,0.058539989750596995,0.05353193439434072,0.054032730821234644,0.049489045252459674
8150,0.06280364957548247,0.009877975501083212,0.031720491799466156,0.056301211354641376
8200,0.08823898458164621,0.07055921201374064,0.0805534456122145,0.08489221401282922
8250,0.03891681384697364,0.028143176792963503,0.04125202540482102,0.0415790139373218
8300,0.044924986366163766,0.04820994088359787,0.04904074224560637,0.047543344434315925
8350,0.03712996633448514,0.0494659640561063,0.0576167683925435,0.03721711434273216
8400,0.053032797399345244,0.05887669827699241,0.041260654381626086,0.07344634504180585
8450,0.030578790034924547,0.049661977407268035,0.06303219494829605,0.053307725518915175
8500,0.04837864818285026,0.050201888410696276,0.04123160923369352,0.03979178809754595
8550,0.0532926486487583,0.056049049947345234,0.06661637636497501,0.03436332929155731
8600,0.03838346519010496,0.0215726122664827,0.017975383166986995,0.044566731986987775
8650,0.04145091555080537,0.037706498113720385,0.021445614936392,0.05494475043168364
8700,0.03849552701288813,0.05358130270906073,0.058406390061362314,0.026978702711583438
8750,0.06710014605051169,0.05361594538940817,0.052057814014804735,0.05958162804086509
8800,0.06213579966492745,0.04978467233998833,0.05730620908767218,0.04381641701463048
8850,0.03819130791161779,0.03967516099526252,0.03713262716264498,0.04232344031384973
8900,0.05251428757966731,0.050266792219118166,0.03174741564285193,0.04323329272678639
8950,0.046739336751819655,0.048774608148092806,0.06491906961748604,0.03431316948345051
9000,0.043906063362592646,0.07165881941533783,0.054112527200270356,0.04158752697624614
9050,0.012808965610071723,0.01956460068593275,0.02811864861617641,0.012272473263364654
9100,0.09992294231056248,0.061525506905672864,0.08826269880306178,0.07262053153206743
9150,0.07401585235610005,0.05699956491062016,0.07598203471874125,0.07130042356115424
9200,0.02064713055124127,0.046225335044756566,0.05110626576066774,0.022457871671198046
9250,0.04995912729421922,0.04979184672212911,0.04245359819850374,0.06276688936055377
9300,0.07358096492979689,0.06610493476284504,0.06119544427488046,0.07752773439228053
9350,0.04954581717965706,0.07621317471408734,0.06924734218726376,0.08092176468664038
9400,0.05677351495195626,0.06363613438919746,0.058003013714806234,0.03161031477223851
9450,0.04264070355892362,0.03398655028095673,0.03658466345341994,0.0437664072091827
9500,0.0491916496978908,0.04729090398797637,0.054980236449109605,0.05798888169295903
9550,0.027628101635834484,0.017863706222394065,0.02352743079896315,0.03611514917593446
9600,0.013633400162835393,0.01728587862967919,0.017702994097044712,0.011006289111230907
9650,0.04547630591857697,0.06684395559809429,0.048641685826048414,0.05883955812206615
9700,0.05727235284148889,0.06376646140409549,0.05599690705744379,0.060972892337497
9750,0.058392910528590705,0.03213798998070664,0.054505434591424,0.05123496462378011
9800,0.047238137135158065,0.050941990538258326,0.07099927886957726,0.05106836202581791
9850,0.039165117132468785,0.007030049786452432,0.009577473570832759,0.03756984961375279
9900,0.033280384613162156,0.043353265159616294,0.03557201146969342,0.03247873150232318
9950,0.05544279935212508,0.0548453680815436,0.06724681107680869,0.06932654902705025
10000,0.049218183631662,0.054912417539205095,0.044719570659835284,0.06899207490719494
10050,0.035290621983750874,0.07645627246995501,0.0495825533832214,0.04920461766948303
10100,0.0903866937109661,0.13516489189134873,0.09391843269561093,0.12822933205784082
10150,0.036798391269184584,0.037970599152502185,0.0232308760058677,0.03679860866935054
10200,0.05780756351897215,0.04473037446746897,0.0570603049413513,0.05693798029435185
10250,0.05562126931309642,0.05766175162098356,0.043601513735190424,0.048638067395816616
10300,0.07636380294354125,0.0807123633652243,0.06684577473558069,0.08505954149888183
10350,0.0278642853846999,0.03438247227876437,0.024310047305589524,0.04587349561566025
10400,0.04097410889818105,0.05025070745770651,0.04133126661499741,0.043663834004814564
10450,0.04857128369726293,0.06442044395997282,0.04311457294233587,0.03951315730234678
10500,0.0726883044237517,0.04748210610324694,0.061823218939165564,0.08390166625282242
10550,0.03737177544618399,0.02521769220210288,0.04819641480442296,0.04513099156898726
10600,0.06392498728979146,0.0789732714277432,0.08303631494713623,0.07053568175044456
10650,0.04055636078348254,0.032993732738203475,0.03615983407041576,0.045377642071839745
10700,0.041877984669752184,0.05436559205968421,0.041021428546553565,0.06948400103620979
10750,0.04716865908630433,0.07574363603630342,0.0613117933190671,0.06710171383802352
10800,0.04393064534012675,0.014003856611662386,0.01825381056108559,0.05264593431595643
10850,0.06044583029457035,0.03674618891803612,0.038242353484062665,0.04826307076844572
10900,0.06126939203223743,0.0847904853152758,0.08717551491101157,0.05391454720203073
10950,0.04848271444545984,0.0410825802500281,0.03961764253460824,0.03832516666630427
11000,0.043419838783671234,0.04403205196217864,0.04264232639057114,0.06021758547135546
11050,0.07487668261882334,0.05529423116383842,0.07609219670899246,0.058753144596693715
11100,0.06510814388384913,0.05875923757163633,0.05029483472485021,0.06701221978117125
11150,0.02407848832464363,0.04579653261983923,0.04236314435921866,0.02516786840397891
11200,0.016206739338929348,0.07122554597895336,0.05591366916953313,0.014243117636248043
11250,0.0397467281672341,0.03535754516365637,0.03447476758442325,0.030298158359873956
11300,0.05407451895301518,0.0622473003430671,0.05894725099612365,0.06051066021784922
11350,0.08499475277921571,0.04888701259025755,0.040746661212914106,0.0676451624286615
11400,0.04584061081617479,0.04249680458575681,0.043130156503309855,0.06436516449136132
11450,0.04706259661344664,0.03648533952151192,0.047384174573374196,0.03872761288796405
11500,0.0523876932112877,0.03857695685250458,0.04826409017064343,0.04764790026853229
11550,0.02584858990351311,0.0514317800586369,0.05998374446464641,0.017995510551245826
11600,0.057362831171412734,0.061612674020853866,0.08542450233978542,0.04675875960715811
11650,0.044449584924946155,0.04310853279804361,0.04395919016542503,0.058099452665235994
11700,0.026012873735902383,0.02497123144740764,0.025738453722009016,0.023546294825301083
11750,0.017304866367585724,0.05091119326827845,0.028037860118061798,0.02826960204884392
11800,0.04967718188464397,0.04032254952256863,0.04048163040194899,0.03821465687403199
11850,0.025733355785827867,0.017445985211503538,0.024347402325504877,0.025345169164951338
11900,0.0675812577568663,0.03224016128991912,0.06672212826341797,0.06430519108128052
11950,0.09857847635259938,0.08403024693525542,0.07862532925209283,0.09059667543569135
12000,0.04479979464238647,0.061799236241235206,0.05267305193360263,0.07037611526647378
12050,0.0340677325338802,0.03268323117441113,0.024603446912983554,0.032172870558904124
12100,0.05582516995048023,0.056536940136516056,0.059942539152091315,0.06316440136659256
12150,0.059921034704016926,0.07471737682761623,0.08599289738112097,0.08398074541226697
12200,0.10352747654608413,0.08063700391259587,0.09380598275163476,0.10153769743302238
12250,0.08952532602565601,0.08167067037804943,0.08772390780169338,0.09003691243040268
12300,0.05267661340671021,0.038456292072949524,0.03278276376390496,0.03813521207493147
12350,0.08561825506280771,0.08512986315036576,0.07508015450170571,0.08076943976529737
12400,0.07253626403392993,0.05070948629201443,0.05435007267704432,0.05152138973280903
12450,0.06486813085021026,0.07189333766073182,0.07217208878784097,0.06418889000442367
12500,0.037806475635795526,0.03481675458741093,0.025866920960949332,0.040429128113279915
12550,0.08499041357706176,0.08273053607949123,0.08825026685512062,0.09210602586150375
12600,0.04296819288729745,0.050643088373439483,0.03767495719971027,0.06139135444018156
12650,0.0270498354893334,0.037529668263921546,0.0413615763722806,0.04150886170446017
12700,0.05568919464312623,0.025204015553082007,0.042842847711140775,0.06918790067634659
12750,0.029779764941987034,0.017417761050146485,0.018900751307818427,0.02863682943344112
12800,0.04078316319267058,0.027850673241413753,0.03324830221229348,0.045889109819215276
12850,0.05202297184898226,0.048293328731823806,0.04852111293035229,0.054458769725361955
12900,0.033421908981983654,0.03381364221730631,0.03360273798368222,0.024478807160480672
12950,0.06068124586723644,0.06168081063021141,0.06508881931637722,0.05523683553571837
13000,0.06968889151077093,0.054463220617220205,0.050160462517803796,0.07442866652036699
13050,0.03876959633527282,0.022154042520497234,0.032764090098765145,0.044296428749956825
13100,0.025447231676549803,0.04087040004697775,0.026663053088496834,0.02319436138375014
13150,0.025895281423456276,0.013430026061032056,0.019363057609788792,0.030536561692502316
13200,0.035226319705583785,0.04699025430873938,0.03490550672888162,0.04260208445604511
13250,0.04965333422842822,0.05260313298654368,0.04516244457511131,0.0611108631914163
13300,0.03362133846235156,0.021647577231644198,0.034757698427830344,0.04019953233558818
13350,0.08503847599763299,0.03264181367510084,0.04552034270521259,0.07224492784964215
13400,0.04615134234234146,0.10136416329255621,0.06353408534007553,0.0849687095347458
13450,0.07973995234510738,0.042517638692664964,0.05807214822959454,0.057268225046704556
13500,0.056701287463337205,0.03570262735429987,0.030820162231889704,0.041750324549636744
13550,0.048054743782482076,0.054606204775647975,0.04535414424283629,0.07416482724310763
13600,0.05416063515137172,0.07081160921769819,0.07243326859944951,0.07260965775983247
13650,0.04047969367473031,0.049483961037895895,0.0390821493779449,0.039475795115488176
13700,0.01265021738943644,0.01334307310929532,0.015434714121097292,0.02197003413743365
13750,0.04278537133179985,0.03950015696171346,0.023502884929301755,0.04763606196989838
13800,0.07015044974909285,0.059862088169391474,0.0767259017542316,0.07316797113491669
13850,0.05210030326207324,0.033798023610856306,0.025749376691485158,0.04304924621872025
13900,0.022633461953488254,0.01095507188474817,0.021258447732607388,0.03051469154358275
13950,0.03570840797347315,0.04854457745206975,0.03514846227077367,0.050012574418839904
14000,0.08515156839424626,0.08796912185534196,0.11284366176263513,0.09416389116853656
14050,0.037177272627238286,0.03676835595998276,0.03670102995829953,0.03622747024013684
14100,0.019977327148545165,0.024775148839108915,0.02917978752492896,0.022311521687235946
14150,0.03957678107173447,0.03586973097194904,0.04321626545642277,0.0521142053570809
14200,0.05219687346958627,0.04536926713095551,0.05251087506412362,0.05780687156385476
14250,0.04838878382435334,0.06761369683725332,0.050823435539129,0.03690512159578939
14300,0.03340649038734839,0.0525901131392584,0.06899865505935605,0.04172497573396538
14350,0.06991519434286085,0.05432125182651813,0.07064582082473102,0.0781502296861628
14400,0.025883508262984748,0.009340535316565111,0.008479009376100494,0.03580722832055002
14450,0.030380059249448473,0.042361397521800445,0.02871072273559131,0.01646907404804533
14500,0.013500014814806682,0.03082514557954269,0.02686916448273001,0.024995471589870033
14550,0.04228023651778689,0.019947069960272353,0.017572524007666065,0.03725014899299061
14600,0.0835873818228565,0.03456258092214758,0.048439364157676544,0.0946952079040962
14650,0.030858684353030987,0.039659934442709294,0.03723082593765547,0.03802457100349721
14700,0.013906056234605118,0.03855492705219398,0.03628564454436494,0.007462814482485807
14750,0.07164803974987731,0.049741813396779175,0.07069230226835169,0.059143642092789654
14800,0.011296300279294989,0.014896899006169036,0.016463608352970505,0.008683455533369196
14850,0.061988676385288315,0.0353792368487507,0.027356271675796757,0.05550711666083908
14900,0.1028028910099322,0.06323529394254446,0.09042201944216907,0.07193596040924177
14950,0.04815460102627786,0.049540504640142695,0.051627767722418526,0.03827879830924686
15000,0.0557018635235842,0.06846114226333065,0.05876417275857801,0.09377295132392922
15050,0.024228792788746185,0.03003400739162191,0.035469051298279736,0.02890808883340439
15100,0.03197152483069896,0.030448553331808726,0.056380365376609586,0.03236117426794028
15150,0.05583936246054391,0.04565704326826257,0.04268116212101071,0.051786585135534864
15200,0.0704018067949964,0.049426405898062215,0.05663618631228626,0.07937053861477822
15250,0.05418595389951163,0.06615340958711048,0.07431907964984497,0.06057822711172718
15300,0.028575374013300337,0.018712306111219955,0.0191807611944886,0.03435686830897135
15350,0.04784757465117746,0.030891552243291372,0.018637317403532083,0.038931272776522474
15400,0.030621365090407065,0.016099490675173547,0.021703695537857146,0.04229957919412439
15450,0.054351206058375574,0.06425964207805705,0.08503882877838806,0.0540817381377485
15500,0.08110986129935126,0.06770750032308089,0.06092768172185776,0.11883274969468645
15550,0.04143705587997294,0.013100320606763803,0.031628619950924204,0.046446545619669065
15600,0.08203196937779807,0.05644960230152201,0.043903649051075466,0.06619865859668156
15650,0.0688997648762316,0.04095409137070434,0.07008039383450979,0.05663742932019426
15700,0.0689450679889432,0.04579148392441547,0.03113512485923254,0.11663950274242427
15750,0.0400600748875985,0.04339227581033288,0.03638666788811529,0.031187715530317375
15800,0.0603901316441685,0.036079301545345915,0.034345107366261056,0.04776640660547955
15850,0.09517831685841055,0.08362211669169825,0.1027344654923556,0.08862002031143977
15900,0.03820174865107616,0.05913126415019384,0.04604681965130708,0.04798180488476854
15950,0.039161583216208204,0.027726911115376694,0.020468746908396722,0.027640723579530253
16000,0.08590223745630846,0.10186337123814428,0.060506019535249554,0.09562439856020011
16050,0.04993092829099014,0.05985814564451525,0.05945569779255812,0.05276572372288661
16100,0.04344502733340147,0.06023067656933633,0.050793172769576025,0.05019223047444693
16150,0.019564191779881945,0.044734666646796414,0.025610201092533428,0.016561231838241996
16200,0.05885917430613516,0.04364925658015266,0.04354124481454337,0.05723518498266603
16250,0.02022321438347524,0.03083837868630579,0.03978434868135961,0.026558268015817597
16300,0.057575564261238464,0.07322474991421957,0.06425596937250266,0.05749596159731569
16350,0.04630466931098849,0.05022818332370781,0.05822413932382342,0.04234035427343515
16400,0.08187352197139196,0.048423506688384306,0.048110306588089825,0.0734774359922827
16450,0.06323687531812432,0.09464428139090075,0.0714434209707234,0.06527279984802245
16500,0.04702358557149805,0.043665116511925166,0.043178994893350635,0.03422563951192147
16550,0.05995388227629635,0.051373534042345195,0.03450431857028915,0.08574153252654167
16600,0.06421791027431523,0.0503852915045651,0.057681033277846204,0.08056954759709156
16650,0.06293505859217102,0.057501895620927154,0.048845527942688885,0.10529132157970096
16700,0.022068710882151676,0.03994073609737306,0.038162672862366444,0.03811049199367544
16750,0.03978059828609921,0.050376280132617975,0.0468560775140216,0.034824278887006406
16800,0.06485641371522172,0.05437504574710719,0.04354865784384176,0.07712397811316528
16850,0.06816859687568755,0.07952922481704446,0.07976283846503959,0.07762388807577213
16900,0.02644529447746802,0.03751769715747488,0.03633554733315571,0.03926287814208225
16950,0.020190156017227793,0.03095799735124996,0.032101750731073846,0.029704437378950652
17000,0.044533699599292216,0.044270911443068356,0.05137421142947111,0.037777845359416674
17050,0.045072474970873286,0.03153772344352077,0.02057497509111493,0.04860257606341458
17100,0.022366761052955347,0.07137250450979005,0.06943212512951047,0.03178049716414141
17150,0.0307650060945874,0.03488619211091977,0.04429426147933837,0.0538125858884332
17200,0.02716200287165878,0.04821489396441727,0.04452383631269885,0.04562032003394977
17250,0.039617672824132415,0.02733374471235143,0.03495507974529595,0.04331881808175287
17300,0.03309830207125434,0.038134656154212285,0.044977861220827295,0.031799660375544894
17350,0.011763910914317562,0.016327032798399095,0.014649368587075688,0.01230177223004881
17400,0.08357105719087202,0.0373498380183904,0.04959820964510715,0.07700071168502275
17450,0.06526637725506143,0.07935606845100127,0.08618945179080792,0.08248016488829298
17500,0.04990274541545786,0.02983109786782914,0.011986592509967116,0.06894732482119954
17550,0.024195173072329948,0.04526794009009025,0.04842766151694711,0.034883749798437676
17600,0.03564528580331487,0.048867682572432264,0.03601229789946762,0.04014495734211208
17650,0.04370805875350678,0.024113448529814237,0.025642854755272462,0.06907474212764027
17700,0.023975370695778618,0.02579136289535703,0.025886397972680553,0.025232154089573886
17750,0.025442719980379464,0.04145868304710123,0.044720527724972134,0.016513751845053253
17800,0.053812511556328615,0.05366900036333826,0.04672448608599137,0.05208024577514973
17850,0.05923719777302095,0.009920201610854489,0.01630700462991288,0.05174323530665626
17900,0.053042111571844505,0.017887023229145763,0.014403527345758048,0.04124800116369276
17950,0.03702736285505626,0.019010039452878567,0.02865132457671024,0.03132298836318143
18000,0.028221169359188503,0.057887200657831074,0.07627501819075495,0.021348217724203578
18050,0.014243932041399237,0.02377775430943805,0.045718950119179244,0.03287531596806333
18100,0.02502798433753704,0.04134790925790564,0.02779515065618462,0.0495008121145502
18150,0.018278796459285818,0.019576455246034716,0.013908644793796427,0.011918154219509
18200,0.038973355000564175,0.07062007080143719,0.06528710745621986,0.040749890797399685
18250,0.03169861826641661,0.06811330560176918,0.04782805034705052,0.03370611813899666
18300,0.034506729778407005,0.031088994837401865,0.016071639617661917,0.02821264964515032
18350,0.05722644843077368,0.074349203089206,0.05462605971512132,0.07841689613852362
18400,0.0726137617810839,0.050349117172002134,0.057000961395401034,0.10353701946646911
18450,0.0675364908771547,0.07409102509751098,0.06878548102615842,0.07962741738873617
18500,0.04574540851276772,0.028689203544190616,0.032864753155926775,0.029953256918071523
18550,0.04201464506573869,0.02383137427845905,0.03525353882945654,0.05602957790310399
18600,0.05807404239417123,0.0340700220134945,0.03475920597482054,0.05653534823453376
18650,0.03424363298483384,0.021251785807315113,0.03450951173227462,0.017764616517110633
18700,0.04564372465082138,0.04070835786420277,0.0516523532861766,0.03791752101601581
18750,0.022527991477271102,0.03592898551309236,0.03773229916132862,0.04288844133330098
18800,0.05172423029876811,0.027577672128009642,0.02323523186886673,0.0595494550772717
18850,0.045078127733968715,0.06061127287889606,0.06487648572479862,0.04049431565047125
18900,0.07865200823882375,0.045219597521428706,0.05339829959839546,0.0726574593555266
18950,0.06440411788076908,0.010277470505917293,0.014319413395806408,0.05914567101656723
19000,0.04438154571440703,0.04031102082557572,0.046198597381305856,0.0317790245287674
19050,0.030872486132477242,0.026724520575681053,0.02214873359810895,0.024544359840908456
19100,0.049165622135797296,0.09646063238440851,0.07298615211120534,0.06702970684703909
19150,0.03972065457668088,0.0571792759660351,0.05226032529558155,0.022241708567463978
19200,0.027390392476194996,0.03225898944480438,0.042292391750762943,0.036670478589732096
19250,0.04183794450017832,0.04745471947024869,0.05932353327306121,0.03893211527774981
19300,0.06890508254113045,0.08558300298540591,0.057941087321519945,0.06965467392788514
19350,0.06800342932529213,0.04947752621140229,0.038524049631366644,0.05352440191165146
19400,0.02181700254388763,0.022118282030935396,0.027523124822592372,0.022654624252015303
19450,0.05214057920660261,0.027847685720720133,0.027963218698855093,0.04486933919727368
19500,0.05910453112917826,0.032491697401028474,0.03490183949306971,0.06052204226560765
19550,0.05786409594904252,0.025270092995475897,0.043834753335681036,0.05322049980975376
19600,0.007205719950150708,0.025072327375016457,0.011254403582598237,0.01798143487044345
19650,0.037936019822854376,0.05682890109794487,0.06450523699669665,0.021769924207493234
19700,0.07014455360182999,0.054475256768555025,0.0431688035507124,0.06920480908145041
19750,0.07617356496843246,0.04798113796066116,0.054385733423389634,0.08127056047548831
19800,0.023687042871578554,0.037377126695346714,0.04618343425948314,0.02688318433519363
19850,0.048298132469071726,0.03242126462678467,0.021466122146302984,0.05586646937117112
19900,0.04910158449581846,0.05681445590692565,0.0514108548849365,0.04419010749025171
19950,0.038740077439261784,0.04325905223187396,0.05424412963630258,0.06144991456462733
20000,0.050083993451001896,0.03771018960440268,0.04190591366382554,0.04707876803825692
20050,0.04393501564811375,0.023975871204191927,0.040020274861624835,0.04022471876843888
20100,0.06644364228426977,0.07348097985193175,0.04686685822625622,0.06833536127072133
20150,0.038392259636546536,0.06979822347309421,0.0677640907856071,0.0313396490088833
20200,0.049393627119295444,0.042947195484687936,0.04222006158214363,0.04324394061599845
20250,0.019135579426816415,0.05229253866470818,0.04174749812863042,0.021204282586307893
20300,0.03821324377751776,0.04992928599529539,0.04444166513532093,0.03751690818817562
20350,0.05390877479594579,0.07231338465318851,0.07244753688014521,0.05359345482426003
20400,0.044446489175186836,0.03912886402644473,0.03471406631323965,0.04030530486176727
20450,0.0547417208352094,0.053059099125409216,0.03982705613022383,0.052753782802752634
20500,0.0653773783506191,0.03173670430274699,0.035540928519103156,0.05141577189929176
20550,0.04489745649811356,0.07023575727505187,0.05079188911627525,0.03482496805454387
20600,0.09134573005893597,0.06197856403628597,0.05418779936480167,0.10769149270021286
20650,0.07085553189412948,0.013145250092714098,0.01144192291531455,0.07442307169151242
20700,0.04864444058677209,0.02571062037368995,0.02651410190822989,0.046907594267879486
20750,0.06051416363133511,0.0536021865225664,0.07257024183506626,0.07366028509312192
20800,0.054412373592777584,0.0616085513544995,0.055055499271189974,0.054016293838063355
20850,0.11234861814904536,0.06357587592790208,0.06796921067659974,0.07712920588207817
20900,0.0495581436294783,0.03787292436556754,0.036671493015692724,0.05924793329728895
20950,0.10684327587639757,0.05673014718824551,0.10167109717122168,0.07079814686840327
21000,0.06291087664307343,0.02422233679891352,0.027339173359851247,0.037794105360492394
21050,0.03536899206932535,0.04895886436591438,0.041116828671481954,0.037775462935614706
21100,0.057221289744290096,0.03500929019560379,0.025882302834176092,0.047782867222467926
21150,0.07591733925790603,0.07108919467823503,0.019769734444346983,0.06760427797114618
21200,0.036282535743798285,0.03247044194340447,0.04826984980295671,0.034981423641698754
21250,0.040260670635249,0.06260969254037269,0.04870636919336116,0.03835276261235948
21300,0.044562271037279964,0.035325378978858825,0.03399168133529143,0.03321156425102557
21350,0.08995911515794272,0.05099260338519696,0.048032630575474425,0.05768587348736258
21400,0.06700562364458675,0.054838621426873964,0.06967504574810122,0.046396879205394835
21450,0.05653580812193277,0.06041713664185023,0.08216494142881135,0.0659757834360457
21500,0.06083458227028439,0.053452431188861754,0.04832048840812767,0.048724835556418246
21550,0.016995246394212706,0.03230783186783045,0.04459430456908147,0.03041407568873335
21600,0.04899382001844721,0.05877525329592379,0.04176269148414646,0.059277327874997864
21650,0.04745307576964848,0.03396406336114687,0.02976349441849865,0.06901300167359772
21700,0.03758028206386961,0.04863425130502164,0.07176182829332038,0.04207295568414466
21750,0.03504861766175665,0.010546165179817733,0.01579131406818318,0.02380744421394284
21800,0.03258873424973728,0.0725062590401684,0.05678689989777572,0.03644654167407383
21850,0.0339074976959374,0.03589292966588267,0.031243853795586737,0.0396430775798247
21900,0.052243950846007046,0.06550311137648347,0.07077978242407928,0.04988292693898384
21950,0.06170697205340739,0.053672152928683596,0.04309914152277282,0.05308847709249155
22000,0.044455325890156286,0.02455594429053787,0.038823106521760985,0.04822200327651268
22050,0.03465056420897069,0.04725938636927061,0.04222243953160452,0.03610942259300195
22100,0.038216195519700805,0.032059532123847344,0.021843864127026606,0.029593269505074963
22150,0.02771536757829489,0.028082549741788046,0.02696078633868085,0.026254492948826886
22200,0.07053613542008097,0.04179542558701848,0.04568852810060748,0.06720686274481201
22250,0.0430433920596414,0.05403382644233146,0.07577512520609914,0.05302205578813406
22300,0.00887040021645022,0.026411770103497424,0.03170177282108999,0.028281654831356664
22350,0.030206529095544884,0.02095524755282075,0.027223886570436624,0.026360151744631508
22400,0.0847040825462386,0.06572995055528338,0.07272041254008396,0.0767975364188201
22450,0.06400661215843251,0.03523188328772676,0.05522413964925121,0.04886506318424239
22500,0.01897571079037621,0.029846071768324878,0.03823211215719058,0.02471229653431667
22550,0.044552961742178265,0.05942351723013372,0.05694664169202606,0.0547962991451065
22600,0.011214169608134162,0.024174283857024605,0.02379618456811931,0.016631055288225095
22650,0.023415345395701514,0.031002154763822468,0.029971880154571553,0.03479657454405534
22700,0.03367180422846391,0.09841177978270689,0.09635342028179385,0.0577593282509414
22750,0.06501890186707247,0.06065744472033092,0.048973895087076745,0.06676413408410238
22800,0.05945901445533723,0.028234121201128233,0.02983688991835443,0.04503102930202685
22850,0.019781405410132007,0.021401738247161135,0.023899924686073812,0.025813438360667892
22900,0.020468258352874094,0.022806192141609248,0.03273332247114551,0.03888909358676287
22950,0.07873733548958842,0.054129031027721146,0.009324934316122555,0.0759263327179708
23000,0.01598917133562586,0.03330551906216145,0.03540199994350601,0.016112554111623646
23050,0.05807606735997194,0.07250153101831712,0.07006655122096421,0.07355581826069232
23100,0.02589806170353295,0.03109799993568719,0.04500228438646198,0.02993134811531215
23150,0.025926233818277578,0.013583725556709406,0.019664323024197905,0.025549919765040365
23200,0.057066298285415346,0.08687635811888067,0.07779785601158942,0.05699047639737713
23250,0.05234773729589465,0.06368947793788232,0.05328566786669752,0.06714234431415095
23300,0.09185007348935546,0.06306011100529399,0.06487741055251818,0.06652369803310695
23350,0.043897079629515216,0.054289321233553844,0.034499831883648364,0.05920893851438313
23400,0.037646375655566104,0.04490492177924375,0.06168350184611767,0.061047732144609596
23450,0.047082166475216486,0.03932172936176638,0.03283128995333568,0.0436354626422134
23500,0.04507059351728132,0.08042863669116868,0.03731119939106755,0.07336510342117702
23550,0.07939593440472881,0.10396719867342775,0.08426893615087354,0.1112500319101078
23600,0.08629522814153746,0.08946690114226602,0.0696522390164164,0.06978511589157103
23650,0.09091115223117566,0.0764320770357577,0.06071745712725461,0.06961433760368621
23700,0.09142281115782866,0.06408519329767212,0.06365256946895388,0.08086272317947252
23750,0.026136824596725585,0.042991785261838104,0.03391963443199233,0.01818872178026813
23800,0.05738280578709967,0.05297137340111167,0.051556547595819485,0.053350216494406105
23850,0.06859078655329738,0.05314336835391598,0.04728608251906686,0.04260079811458936
23900,0.024632287754084065,0.015138771416465748,0.009458837137830422,0.03501171232602027
23950,0.052175488497952754,0.020512688755987114,0.0304952717646523,0.04807837767645659
24000,0.057415489199344104,0.033052261647276114,0.044057299054753675,0.0658003768986166
24050,0.0354640324836305,0.051387531561654154,0.054329866556066565,0.06431830221639871
24100,0.023901966446298935,0.0172893724582473,0.03156880738957366,0.027981951325809988
24150,0.02125423251966535,0.024781331683345828,0.01691217313061808,0.03464665063177104
24200,0.036601016379330234,0.04917586399851048,0.055241759566472905,0.07379320835957738
24250,0.05247629560096636,0.0383190500926106,0.0500070155078265,0.05701702903519264
24300,0.06562455637945296,0.026388376228938387,0.04361886747727409,0.06654198674521222
24350,0.0421736220877458,0.02575701846099428,0.035893587170969694,0.04383329328261795
24400,0.03289465610095354,0.07991998498498358,0.05345216927309873,0.007061274672465295
24450,0.03405963006258288,0.04333732802100287,0.025804774751971776,0.020121590394399737
24500,0.06569446247591951,0.06548798363058676,0.08136101277639066,0.06256441160915684
24550,0.037972253027704315,0.05470248257620489,0.02554298338096003,0.04095639632584879
24600,0.034195321317396624,0.035951934579379737,0.05103460002782426,0.04973242000948677
24650,0.06608202781392229,0.05073714221356974,0.06488176939634124,0.04907510163005269
24700,0.044885873056007275,0.06627178585189929,0.09080267396943768,0.031352805297134106
24750,0.05160820089869437,0.03010680986089361,0.03681127001340759,0.05779119656141408
24800,0.06072604054275233,0.027270980913784527,0.03433613839673881,0.08362806705885291
24850,0.05475227849140162,0.02838334723037436,0.013615197391150812,0.0426095106754349
24900,0.05522907205448955,0.04291957129329229,0.06411019887662181,0.04597929969018665
24950,0.032435190765586694,0.037251920755848274,0.045175258715363216,0.03555800894313403
25000,0.052502060911929924,0.04075628049761165,0.02381839625163709,0.049863357287691736
25050,0.035394553253290266,0.04106466120644367,0.049326682434560704,0.04158790208702526
25100,0.049141119238373075,0.04376138023417451,0.042623683557383905,0.05918080769979402
25150,0.02760453585916634,0.03624038631140678,0.03613566659133328,0.026156299432450313
25200,0.020877298675834478,0.028937975050096373,0.03122550239787984,0.011954513791869573
25250,0.07330253474471397,0.08127229786341712,0.04105281476342394,0.139765094354778
25300,0.04497379681547912,0.04442785612653396,0.05623744659921892,0.04532653086217829
25350,0.08259281808971045,0.06661181276620536,0.05178970554077325,0.08810944103783658
25400,0.054442211564189776,0.03790912291256552,0.05898553721040439,0.052267902196281045
25450,0.0316317941318541,0.03160692329221559,0.02237385974748211,0.019579029598016353
25500,0.04511183436749164,0.04824491683068798,0.029251461501948923,0.05469020387601421
25550,0.062134293268693415,0.07110846925648168,0.05495536370546555,0.06355632462627148
25600,0.03084922041154363,0.027140478993562374,0.03283915955075587,0.038835066627984555
25650,0.04108014605621552,0.030062375155665927,0.03527896823888135,0.03327998798076706
25700,0.06815501155454382,0.05978650014844489,0.07349043475174168,0.06202171877657052
25750,0.04335484286674328,0.043544074223710406,0.03254377974360077,0.04913153773290633
25800,0.03461864237661552,0.02357563148677039,0.022035934289246738,0.03476287675092497
25850,0.010975499988610991,0.03113028107807574,0.04628949772896656,0.02738094227743085
25900,0.06376210159648128,0.0679149173598849,0.0583773106609066,0.07596355441920816
25950,0.07376710920186584,0.049180199267591415,0.06602613421971636,0.08744197161546623
26000,0.025194173929700484,0.04661049667188711,0.05918359907947471,0.04020835734023462
26050,0.01980307046899545,0.010431375748193515,0.032716748004653524,0.023037586679164127
26100,0.027637771256018462,0.026260616900598506,0.03431691128292288,0.03648597538781168
26150,0.04698997339858791,0.027866711323728175,0.04429902933473825,0.05837221941985759
26200,0.06231470452469465,0.06753811960663399,0.04201602551408213,0.07557760514861527
26250,0.040310018605800725,0.08214994583077946,0.07421796548006421,0.06458563307733384
26300,0.07931295984894271,0.04417214506903644,0.06112703493545224,0.0769357498176238
26350,0.07839649481960274,0.07424401928775139,0.05745716317396814,0.07966721785025507
26400,0.014967431309346298,0.015395012179274177,0.004260516400625627,0.02023982213360581
26450,0.059278380544680875,0.06830091068206923,0.052235183545192986,0.05478282212518812
26500,0.028472513060845184,0.05816092846576643,0.0541212564525252,0.03791524231756932
26550,0.024415273907945425,0.02791762167520723,0.032375150964899,0.03670736165948188
26600,0.0310315065699363,0.034696685720685204,0.02297541294514639,0.040079091806077626
26650,0.04112760630039147,0.040671611721199354,0.03846964517642449,0.03162292839064719
26700,0.055038691844919434,0.031101832743425272,0.029098453567157134,0.05651939136261111
26750,0.05350698645971385,0.05815714573463866,0.03254256289845653,0.06443388549513371
26800,0.08078240897621214,0.055099132479559075,0.05107866090648813,0.05990343562768333
26850,0.03504365277764292,0.049528916806245625,0.024948298539178973,0.045294988685283935
26900,0.045203654719502495,0.029397686983842788,0.01917408667968308,0.046510016125561604
26950,0.04533610481724251,0.05365395046033424,0.05230321596230963,0.05597781703496486
27000,0.03748985996239515,0.05353632785315033,0.05001107877260797,0.04601602329623889
27050,0.0510125317936681,0.04630625875624158,0.06907158605389048,0.08311527898046184
27100,0.07846088452216174,0.09817604595826825,0.05295728845022183,0.11971150320666765
27150,0.054126333701812836,0.08401484154600307,0.05498860245541798,0.0805075251141159
27200,0.047938151820861835,0.05008789873811837,0.0664901616782513,0.04732029585706327
27250,0.03814228100153426,0.03671384480002061,0.032988664719870074,0.021083396310841374
27300,0.03147865308427284,0.02724932292736829,0.02972551765739329,0.032631616570436714
27350,0.030402855129082865,0.02209990045226448,0.023980041701381582,0.03239944443968137
27400,0.031262565473741906,0.035443667981742526,0.020716466880238045,0.02717096980234604
27450,0.04097365006928234,0.03849547505876503,0.03004233013599312,0.02831052101251407
27500,0.03351445061462292,0.08186718512322262,0.07179942618155107,0.06024322036544859
27550,0.023082755468097814,0.04050764866046905,0.04218025130318691,0.030040998651842447
27600,0.05724304673932025,0.033159951749060196,0.02592347198968534,0.0351608304793843
27650,0.06655504188264026,0.029529334567511004,0.04382809144829376,0.09788722899336766
27700,0.07552094808726915,0.041527552299648,0.025204682104720138,0.08366420979128411
27750,0.024259480620986092,0.024559429960811383,0.04240200938634866,0.04071839878973632
27800,0.06329844863817753,0.05178913399546278,0.06734362627598843,0.0464526167185445
27850,0.10027475454968715,0.04892412901626354,0.05556873221515854,0.0828876685641477
27900,0.022776479095768944,0.023505624858743916,0.036806162527489875,0.02219751337424983
27950,0.06537816149143381,0.052896026315782926,0.04704391140200823,0.09589479652202199
28000,0.055393450876434824,0.04849797521546647,0.03972346409869109,0.06533022577643521
28050,0.058187744414094626,0.023477018550062963,0.024452075576523152,0.05151688655188704
28100,0.07739249576024797,0.11710022374017907,0.07491604367557059,0.13327452269657541
28150,0.06098337478362442,0.02466252217434381,0.029274808282890596,0.06251102302794283
28200,0.04141297381256265,0.021876014262200497,0.024517618155114496,0.040286503943628565
28250,0.028288895347821547,0.02355237567635164,0.021102473788634335,0.028891410488240274
28300,0.041088635898506046,0.028248511465208213,0.023008224616427927,0.048687509691911726
28350,0.04410929153817822,0.046172502639558105,0.05511560214676059,0.037797005172367816
28400,0.04291398839539387,0.026977071746206994,0.03299991515140607,0.03242492868149443
28450,0.051593549984469966,0.04266155177674624,0.023370186135330623,0.04108442040482013
28500,0.026977249674494257,0.017362211840661317,0.017826654200943023,0.024736159766625056
28550,0.04045593157993027,0.031020470660517066,0.022415976445383776,0.04515022037598488
28600,0.07556377438958432,0.07259307404980175,0.08086253520636119,0.07915520450355742
28650,0.026714146065333996,0.03833997391757068,0.032139670191213845,0.017015804418245996
28700,0.03950901669239567,0.05113044494232375,0.04360382552024536,0.04362048142787973
28750,0.08092429548658422,0.06173036205952465,0.049858535879024765,0.07736894984423662
28800,0.08031558752820028,0.07972627170512865,0.05337349904212765,0.09625537699266468
28850,0.03857735086809357,0.01963099589934245,0.010003079525826023,0.05319137524072864
28900,0.025259216139856763,0.059976828859151926,0.09286962043639457,0.04188670433443052
28950,0.04468107429326201,0.04271260235574508,0.03463572721915913,0.0517986640754373
29000,0.04948707305953747,0.05073081903537533,0.058282038399493204,0.04251698013735218
29050,0.04806624595285137,0.02730655598935903,0.022378167932161023,0.06189715987022345
29100,0.048368435988772676,0.01338408009539692,0.032786643622060484,0.03833945226525804
29150,0.055247276855968204,0.05363568215283553,0.04850523270741004,0.08370680736953238
29200,0.031008282764448607,0.05495676118549928,0.04408086206053598,0.03530837860904973
29250,0.03306142162702626,0.03103452271261795,0.031642819090593056,0.03594666048466812
29300,0.02887409912014572,0.024087789437804378,0.03280203652214295,0.03213104417848881
29350,0.08155313850490367,0.04829818216040849,0.032587752300519295,0.07332822103392392
29400,0.04563282152135675,0.05223650064849291,0.039311555553043186,0.04283115688374526
29450,0.05421337842267351,0.06306007928951564,0.10850575284287924,0.05200874541843901
29500,0.044686123125641575,0.05197278518609524,0.042994353117589756,0.0560005142833528
29550,0.04044965265611067,0.0426218066252476,0.0280173232126126,0.040675171788205164
29600,0.05625681825343485,0.06021233760617503,0.033316002161123716,0.06185515338272146
29650,0.05743478388572556,0.062341042660513796,0.05963309819219525,0.03932187177640453
29700,0.020312498615384582,0.04474002235135785,0.029199821917265185,0.03956333656303523
29750,0.03154345573966176,0.028128348689533834,0.033092694057752385,0.03800312618719677
29800,0.049233996384612136,0.049413415182518995,0.07339338934808774,0.05898220070495843
29850,0.06435651948326603,0.06860818027028555,0.06944705609311312,0.10497199626567078
29900,0.0253977164327819,0.03912485654925777,0.06457276825411778,0.026905285726042755
29950,0.03807022983907504,0.049558224342686044,0.03657676858335083,0.04182815319853364
30000,0.04475414617663934,0.03345620420788945,0.04109567373824159,0.04906428436245657
